time,bmu_x,bmu_y,label_raw
1991-01-01,1,3,2C
1991-01-02,0,3,2C-1
1991-01-03,0,8,1
1991-01-04,0,5,1
1991-01-05,0,4,1
1991-01-06,0,8,1
1991-01-07,0,5,1-3B
1991-01-08,0,4,2C-1
1991-01-09,0,7,1
1991-01-10,0,4,1+3D
1991-01-11,0,5,1+2C
1991-01-12,0,8,2D
1991-01-13,0,7,1+2B
1991-01-14,0,5,1
1991-01-15,0,3,1+4B
1991-01-16,0,6,3B
1991-01-17,0,3,2D
1991-01-18,0,4,1
1991-01-19,1,6,3B
1991-01-20,2,2,3D-4B
1991-01-21,0,9,2D
1991-01-22,0,3,1
1991-01-23,0,8,1
1991-01-24,2,6,3B
1991-01-25,2,7,2D
1991-01-26,0,7,1
1991-01-27,0,9,1
1991-01-28,0,4,1
1991-01-29,0,6,1
1991-01-30,0,8,1
1991-01-31,0,5,1
1991-02-01,0,6,1
1991-02-02,0,4,1
1991-02-03,0,6,1
1991-02-04,0,5,1+4B
1991-02-05,0,7,1
1991-02-06,1,4,1-3B
1991-02-07,0,4,1+4B
1991-02-08,0,5,4A
1991-02-09,1,4,3B
1991-02-10,5,5,2D
1991-02-11,1,8,1
1991-02-12,1,4,1
1991-02-13,1,5,3B
1991-02-14,2,2,3B-2C
1991-02-15,1,1,2D
1991-02-16,0,2,2C-1
1991-02-17,0,7,1
1991-02-18,0,6,1
1991-02-19,0,5,2D
1991-02-20,0,7,1+2C
1991-02-21,0,8,1+2D
1991-02-22,0,7,1-2B
1991-02-23,0,8,1+2A
1991-02-24,0,5,1
1991-02-25,1,5,1
1991-02-26,3,5,3B
1991-02-27,3,9,3D
1991-02-28,3,5,2A+2B
1991-03-01,1,5,1+4B
1991-03-02,2,7,1
1991-03-03,3,9,3B
1991-03-04,3,6,3D
1991-03-05,3,7,2A+2C
1991-03-06,1,4,2A+2C
1991-03-07,0,5,1
1991-03-08,2,2,3C-2D
1991-03-09,1,3,2D
1991-03-10,1,9,1
1991-03-11,3,0,4B
1991-03-12,0,3,4B+2A
1991-03-13,1,5,4B+1
1991-03-14,0,5,4B+1
1991-03-15,1,6,1-3B
1991-03-16,3,5,4B
1991-03-17,2,6,1+2A
1991-03-18,7,5,3B
1991-03-19,4,5,3C
1991-03-20,1,8,2A
1991-03-21,1,5,1+4B
1991-03-22,4,2,2B
1991-03-23,7,4,2B
1991-03-24,1,5,1
1991-03-25,2,2,3B+4B
1991-03-26,1,2,2A+4B
1991-03-27,1,1,4B
1991-03-28,3,0,4B
1991-03-29,0,9,3A
1991-03-30,2,2,2D
1991-03-31,0,6,2D-1
1991-04-01,2,4,4B
1991-04-02,2,6,3B+4B
1991-04-03,3,4,3B
1991-04-04,4,2,3B
1991-04-05,6,1,3C
1991-04-06,8,2,2A+4B
1991-04-07,7,2,3A+4B
1991-04-08,7,1,4B
1991-04-09,9,4,3B
1991-04-10,5,9,3B
1991-04-11,2,1,2A+2C
1991-04-12,3,2,2C+3A
1991-04-13,9,3,2D
1991-04-14,4,7,2A
1991-04-15,3,5,3B
1991-04-16,3,8,2A+4B
1991-04-17,4,5,3B
1991-04-18,3,7,2A+2B
1991-04-19,1,8,1+4B
1991-04-20,2,5,1+2A
1991-04-21,3,5,2A
1991-04-22,7,9,3B
1991-04-23,6,2,3B
1991-04-24,6,1,4B
1991-04-25,7,3,2C
1991-04-26,7,4,2D
1991-04-27,8,5,3B+4B
1991-04-28,8,4,4B
1991-04-29,9,1,2A+2D
1991-04-30,0,7,2A-3B
1991-05-01,4,7,2A
1991-05-02,0,8,1+2A
1991-05-03,0,5,1
1991-05-04,3,4,3B
1991-05-05,3,9,3B
1991-05-06,6,3,3B
1991-05-07,7,9,4B
1991-05-08,6,9,2A
1991-05-09,6,8,2A+4B
1991-05-10,4,5,4B
1991-05-11,4,4,3B
1991-05-12,6,9,2C
1991-05-13,6,8,2A+4B
1991-05-14,4,9,3B
1991-05-15,6,5,4B
1991-05-16,6,6,2B+6A
1991-05-17,4,7,2A+4B
1991-05-18,4,6,2A+3D
1991-05-19,7,6,2A+5
1991-05-20,5,9,3A+4B
1991-05-21,7,6,4B
1991-05-22,5,8,4B+2A
1991-05-23,4,9,3A+2C
1991-05-24,5,4,3C+4B
1991-05-25,3,1,2B
1991-05-26,2,1,4A
1991-05-27,1,3,4B
1991-05-28,0,0,3A
1991-05-29,7,3,3A-4B
1991-05-30,7,3,3B+4B
1991-05-31,7,4,4B
1991-06-01,7,4,4B
1991-06-02,6,8,4A
1991-06-03,8,7,4A
1991-06-04,5,7,4B
1991-06-05,5,5,3C
1991-06-06,5,7,2A+4B
1991-06-07,7,5,3B+4B
1991-06-08,7,4,3B+4B
1991-06-09,7,4,3B-4A
1991-06-10,6,6,4A
1991-06-11,7,7,2A-5
1991-06-12,6,6,2A+5
1991-06-13,5,7,2A+4A
1991-06-14,5,6,2A+4B
1991-06-15,6,6,3B+4A
1991-06-16,9,5,3B+4B
1991-06-17,6,6,3B+4A
1991-06-18,6,7,4B
1991-06-19,6,7,4B
1991-06-20,9,5,3A+4B
1991-06-21,9,2,3A+4B
1991-06-22,9,2,3A+4B
1991-06-23,9,2,3A+4B
1991-06-24,8,7,3A+4A
1991-06-25,7,6,4A
1991-06-26,4,6,4A
1991-06-27,6,6,4A
1991-06-28,7,6,4A
1991-06-29,7,6,3A+4B
1991-06-30,7,7,4A
1991-07-01,8,7,3A+4A
1991-07-02,8,6,4A
1991-07-03,8,7,3B+4A
1991-07-04,6,6,4A
1991-07-05,7,7,2B+4A
1991-07-06,9,5,3A+4B
1991-07-07,7,6,4A
1991-07-08,8,7,2B+4A
1991-07-09,9,5,3A+4A
1991-07-10,9,3,3A+4A
1991-07-11,9,9,4A
1991-07-12,9,6,4A
1991-07-13,9,7,3A+4A
1991-07-14,8,4,3A+4B
1991-07-15,9,3,4A
1991-07-16,9,9,4A
1991-07-17,9,9,4A
1991-07-18,9,9,4A
1991-07-19,9,4,3A
1991-07-20,7,5,4A
1991-07-21,7,8,5+4A
1991-07-22,7,7,5+4A
1991-07-23,7,7,5+4A
1991-07-24,5,6,5+4A
1991-07-25,5,6,5+4A
1991-07-26,6,7,2A+4A
1991-07-27,9,8,6A+4A
1991-07-28,9,7,6A+4A
1991-07-29,9,5,6B+5
1991-07-30,8,8,6B+5
1991-07-31,7,7,5+4A
1991-08-01,7,8,5+4A
1991-08-02,9,4,5+4A
1991-08-03,9,0,3A+4A
1991-08-04,9,0,3A+4B
1991-08-05,9,0,3A+4A
1991-08-06,7,0,3A+4B
1991-08-07,9,2,3A+4B
1991-08-08,9,1,4B
1991-08-09,8,0,4A
1991-08-10,9,1,3A+5
1991-08-11,0,1,4A
1991-08-12,0,0,5
1991-08-13,6,0,3A
1991-08-14,0,0,3A
1991-08-15,0,0,3B
1991-08-16,5,0,6A+3A
1991-08-17,6,0,6A+3A
1991-08-18,0,0,6A+3A
1991-08-19,0,0,6A
1991-08-20,7,0,6A
1991-08-21,7,0,6A
1991-08-22,7,0,6A+4A
1991-08-23,0,2,6B+5
1991-08-24,3,0,3A
1991-08-25,1,2,3B
1991-08-26,0,9,4A
1991-08-27,1,2,3A+4B
1991-08-28,5,3,6A+3B
1991-08-29,4,9,6B+5
1991-08-30,4,8,6A+2B
1991-08-31,7,7,6B+4A
1991-09-01,4,6,3B
1991-09-02,9,9,3B+4B
1991-09-03,6,2,5
1991-09-04,3,2,5+2A
1991-09-05,7,2,5+4A
1991-09-06,6,1,5+4A
1991-09-07,6,3,4A
1991-09-08,7,0,6A+4A
1991-09-09,9,0,6B
1991-09-10,0,2,3B+4B
1991-09-11,2,0,2A+4B
1991-09-12,3,7,2A+4A
1991-09-13,3,1,6A+4A
1991-09-14,3,0,6A+4A
1991-09-15,1,2,4B
1991-09-16,3,1,3A+4B
1991-09-17,4,1,3A+4B
1991-09-18,7,0,4B
1991-09-19,8,0,6A+2C
1991-09-20,0,2,2A+2B
1991-09-21,6,0,3A+2B
1991-09-22,0,0,6A+4B
1991-09-23,5,1,6A+4B
1991-09-24,4,0,3B+4B
1991-09-25,3,2,3C+4B
1991-09-26,7,2,6A+4B
1991-09-27,7,1,6A+4A
1991-09-28,4,7,2A
1991-09-29,3,9,3B+4B
1991-09-30,4,3,3B+4B
1991-10-01,6,2,2C
1991-10-02,1,0,2C-3B
1991-10-03,2,7,3C
1991-10-04,3,7,2D
1991-10-05,2,8,2A
1991-10-06,3,2,3A+4B
1991-10-07,5,0,4B
1991-10-08,4,0,4B
1991-10-09,1,0,4B
1991-10-10,0,0,4B+3A
1991-10-11,0,0,6A+4B
1991-10-12,0,2,6B
1991-10-13,0,2,6B
1991-10-14,0,7,1+4B
1991-10-15,1,8,2A-3B
1991-10-16,4,3,3B
1991-10-17,7,1,2D
1991-10-18,5,7,2A+3C
1991-10-19,3,7,2A+1
1991-10-20,3,5,2C+1
1991-10-21,4,0,3B
1991-10-22,1,0,2A+4B
1991-10-23,4,0,3B
1991-10-24,4,0,3B
1991-10-25,7,2,4B
1991-10-26,1,0,4B+3B
1991-10-27,2,0,2A+4B
1991-10-28,2,5,1+4B
1991-10-29,2,7,3C
1991-10-30,2,8,2A+4B
1991-10-31,1,6,1+4B
1991-11-01,3,3,2C
1991-11-02,7,4,3A
1991-11-03,1,2,3B
1991-11-04,0,6,2A-1
1991-11-05,2,2,1-3B
1991-11-06,3,3,3B
1991-11-07,2,2,3B
1991-11-08,3,0,2D+2A
1991-11-09,1,9,1
1991-11-10,2,5,1
1991-11-11,2,6,1
1991-11-12,2,5,1
1991-11-13,2,7,1+3B
1991-11-14,1,4,1
1991-11-15,2,4,1
1991-11-16,2,6,3B
1991-11-17,4,4,2A+3C
1991-11-18,2,4,3C
1991-11-19,3,5,2B+3C
1991-11-20,1,5,2A-1
1991-11-21,2,6,3B
1991-11-22,4,4,3B
1991-11-23,1,7,2A+3D
1991-11-24,0,6,1
1991-11-25,1,5,1
1991-11-26,2,7,3B
1991-11-27,3,9,4B
1991-11-28,3,3,2C
1991-11-29,5,1,1
1991-11-30,0,0,3A
1991-12-01,0,1,2A
1991-12-02,0,7,3B
1991-12-03,2,8,2A
1991-12-04,3,6,3B
1991-12-05,3,9,3B
1991-12-06,3,0,2A+3C
1991-12-07,0,5,1+3C
1991-12-08,0,9,2D
1991-12-09,0,4,1
1991-12-10,1,9,1
1991-12-11,1,7,2B
1991-12-12,0,6,1
1991-12-13,2,9,1
1991-12-14,2,9,2D+3B
1991-12-15,4,0,3B
1991-12-16,4,0,3B
1991-12-17,2,1,2A+3C
1991-12-18,0,6,2A+2C
1991-12-19,0,4,1+2C
1991-12-20,0,5,1-3B
1991-12-21,2,2,2B
1991-12-22,4,0,3C
1991-12-23,3,0,3C
1991-12-24,0,3,2D
1991-12-25,0,9,1+4A
1991-12-26,0,9,1+2C
1991-12-27,1,9,3B-2D
1991-12-28,0,4,2D
1991-12-29,0,4,1
1991-12-30,0,4,1
1991-12-31,1,6,3B
1992-01-01,1,6,2D
1992-01-02,0,5,1
1992-01-03,0,5,1
1992-01-04,0,6,1
1992-01-05,1,9,1
1992-01-06,2,3,2C
1992-01-07,2,9,2D+3A
1992-01-08,1,6,1
1992-01-09,1,3,2C
1992-01-10,0,5,1
1992-01-11,1,7,3B
1992-01-12,2,8,2A+3C
1992-01-13,0,6,3D+2B
1992-01-14,0,8,1
1992-01-15,1,6,3C
1992-01-16,2,9,3B
1992-01-17,0,8,2D
1992-01-18,0,4,2A-1
1992-01-19,0,7,1
1992-01-20,1,8,1
1992-01-21,2,6,3B
1992-01-22,1,4,2A+2C
1992-01-23,0,7,1
1992-01-24,2,5,1-3B
1992-01-25,3,7,3B
1992-01-26,3,8,2C+3B
1992-01-27,1,8,1+2A
1992-01-28,1,8,3D
1992-01-29,0,6,4A
1992-01-30,0,5,4B+1
1992-01-31,0,6,4B+1
1992-02-01,0,7,2C-1
1992-02-02,0,5,3B
1992-02-03,4,5,4A
1992-02-04,0,5,2C-1
1992-02-05,0,9,1
1992-02-06,2,3,3B
1992-02-07,2,7,2A-1
1992-02-08,1,4,1+4B
1992-02-09,2,4,1
1992-02-10,2,7,2A+2C
1992-02-11,1,6,1
1992-02-12,2,7,2A+2C
1992-02-13,2,6,2D
1992-02-14,3,5,3B
1992-02-15,4,8,3B-2C
1992-02-16,0,4,2A-1
1992-02-17,1,5,3B
1992-02-18,1,4,2D
1992-02-19,0,8,1
1992-02-20,0,8,1+2C
1992-02-21,0,5,1
1992-02-22,0,8,1
1992-02-23,1,5,1+3D
1992-02-24,1,4,2D
1992-02-25,0,7,1
1992-02-26,2,6,3D
1992-02-27,7,6,3D+2A
1992-02-28,6,5,3B+3D
1992-02-29,3,6,4A
1992-03-01,0,6,4A+1
1992-03-02,0,6,4A+1
1992-03-03,0,7,4B+1
1992-03-04,0,9,3B
1992-03-05,2,1,2C
1992-03-06,0,8,1
1992-03-07,0,7,3B
1992-03-08,3,9,3B
1992-03-09,4,1,3C-2C
1992-03-10,2,7,2C-1
1992-03-11,2,9,3B
1992-03-12,3,9,3B-2B
1992-03-13,4,4,3B+4B
1992-03-14,3,1,3B+4B
1992-03-15,1,2,2D
1992-03-16,0,6,1+4B
1992-03-17,2,2,3B+4B
1992-03-18,8,2,2C
1992-03-19,0,2,2A
1992-03-20,2,2,2A+3B
1992-03-21,0,3,2C
1992-03-22,1,6,1
1992-03-23,4,2,3B-2C
1992-03-24,7,9,4B
1992-03-25,5,8,4B+2A
1992-03-26,3,8,4B
1992-03-27,2,9,3B+4B
1992-03-28,5,2,3B+4B
1992-03-29,7,9,2C
1992-03-30,7,4,2C-3B
1992-03-31,5,9,3B
1992-04-01,6,9,2C
1992-04-02,5,5,4B
1992-04-03,5,9,3B
1992-04-04,7,3,2C
1992-04-05,0,2,2C
1992-04-06,0,2,3A
1992-04-07,0,0,3A
1992-04-08,7,4,3B
1992-04-09,4,5,2A
1992-04-10,9,7,2D
1992-04-11,9,0,2D
1992-04-12,0,3,2B
1992-04-13,0,2,2D
1992-04-14,0,2,2C+3B
1992-04-15,5,0,2B
1992-04-16,7,9,2B
1992-04-17,7,5,2A-3D
1992-04-18,6,6,2B
1992-04-19,5,7,2A-2C
1992-04-20,3,6,3B
1992-04-21,4,9,3D
1992-04-22,6,8,2D
1992-04-23,4,7,3B
1992-04-24,4,5,2A
1992-04-25,3,7,2A-3B
1992-04-26,3,7,3C
1992-04-27,4,6,3C
1992-04-28,5,5,3C+4B
1992-04-29,5,6,2A-3B
1992-04-30,9,6,2C
1992-05-01,0,4,1
1992-05-02,3,5,2A+2B
1992-05-03,3,7,3B
1992-05-04,0,4,3B
1992-05-05,0,9,3B
1992-05-06,7,2,3A
1992-05-07,7,9,3B
1992-05-08,6,8,2A
1992-05-09,4,7,4A
1992-05-10,2,7,4B
1992-05-11,4,2,3B
1992-05-12,6,3,3B+4B
1992-05-13,7,2,2B
1992-05-14,8,1,2B
1992-05-15,3,3,4A
1992-05-16,4,8,4B
1992-05-17,4,8,3A+4B
1992-05-18,6,7,2C
1992-05-19,4,6,3B+4B
1992-05-20,5,7,2A
1992-05-21,9,6,3C
1992-05-22,9,0,2B
1992-05-23,9,1,2A+3B
1992-05-24,8,0,2D+2A
1992-05-25,9,0,2D
1992-05-26,9,0,2D
1992-05-27,5,8,2A+2C
1992-05-28,5,8,2C
1992-05-29,9,6,2D-3D
1992-05-30,5,9,2D
1992-05-31,7,3,2C-3B
1992-06-01,6,2,3B
1992-06-02,6,4,3B
1992-06-03,7,5,3C
1992-06-04,7,5,3A+2C
1992-06-05,9,4,2D
1992-06-06,8,0,3C
1992-06-07,9,2,2D
1992-06-08,9,3,2D
1992-06-09,9,5,4B
1992-06-10,9,9,3A+4B
1992-06-11,8,3,2B+4B
1992-06-12,6,7,2A+4B
1992-06-13,6,6,4B
1992-06-14,6,7,4B
1992-06-15,9,7,3B+4B
1992-06-16,9,1,3B+4B
1992-06-17,8,1,4B
1992-06-18,8,0,3A+4B
1992-06-19,9,4,2B+4B
1992-06-20,7,9,2D+4B
1992-06-21,8,8,2C-3B
1992-06-22,8,6,3A+2C
1992-06-23,9,9,3A+2C
1992-06-24,8,0,3A+2C
1992-06-25,5,1,3B+4B
1992-06-26,6,2,3B+4B
1992-06-27,6,2,3B+4B
1992-06-28,5,4,4B+6A
1992-06-29,5,5,3B+6A
1992-06-30,6,7,4B+6A
1992-07-01,7,7,2C-3C
1992-07-02,6,6,4B
1992-07-03,5,8,4B
1992-07-04,5,7,2A+4B
1992-07-05,4,8,4B
1992-07-06,5,6,4B
1992-07-07,5,8,4B
1992-07-08,5,6,4B
1992-07-09,5,6,2A
1992-07-10,9,6,2A-4A
1992-07-11,8,2,4A
1992-07-12,6,1,4A
1992-07-13,8,9,4A
1992-07-14,8,9,4A
1992-07-15,7,6,4B
1992-07-16,7,8,4A
1992-07-17,7,8,4A
1992-07-18,7,7,2B
1992-07-19,7,6,2A-5
1992-07-20,8,8,5
1992-07-21,8,7,5+4A
1992-07-22,7,5,5+4A
1992-07-23,6,8,5+4A
1992-07-24,7,5,5
1992-07-25,7,5,5
1992-07-26,7,5,5
1992-07-27,6,8,5+2A
1992-07-28,5,6,5
1992-07-29,5,5,5
1992-07-30,6,6,5+4A
1992-07-31,5,7,5+4A
1992-08-01,1,6,4A
1992-08-02,7,0,4A
1992-08-03,7,1,4B+6A
1992-08-04,7,3,3A+6A
1992-08-05,7,9,3A+4B
1992-08-06,5,9,5
1992-08-07,4,8,5+6A
1992-08-08,8,2,2B+6B
1992-08-09,8,9,2B+5
1992-08-10,8,9,5
1992-08-11,6,2,5
1992-08-12,7,0,5-4A
1992-08-13,9,2,4A
1992-08-14,7,0,4A
1992-08-15,7,0,4A
1992-08-16,6,0,4A+5
1992-08-17,1,0,4A+6A
1992-08-18,7,2,6A
1992-08-19,7,0,6B
1992-08-20,8,0,2C+4A
1992-08-21,9,4,2C+4A
1992-08-22,7,5,5
1992-08-23,6,9,5
1992-08-24,5,4,5+4A
1992-08-25,5,9,5+4A
1992-08-26,5,2,4A
1992-08-27,6,1,3A+5
1992-08-28,0,0,4A+6A
1992-08-29,7,2,3A+6A
1992-08-30,6,0,3A+6A
1992-08-31,4,0,5
1992-09-01,7,2,5
1992-09-02,7,9,5
1992-09-03,4,7,2A+6A
1992-09-04,9,7,2B+6A
1992-09-05,6,0,2A-3A
1992-09-06,6,0,3A
1992-09-07,6,0,3A
1992-09-08,6,0,2A
1992-09-09,0,0,4A
1992-09-10,6,0,4A
1992-09-11,0,2,6B
1992-09-12,2,6,2A+3B
1992-09-13,0,0,3A+2B
1992-09-14,0,0,3A+2B
1992-09-15,9,0,2B
1992-09-16,0,0,2A+2C
1992-09-17,5,1,2A+4B
1992-09-18,5,0,3B+4B
1992-09-19,2,0,2A+4B
1992-09-20,2,1,1+4B
1992-09-21,2,2,3B+4B
1992-09-22,6,2,3A+6A
1992-09-23,6,2,4A+6A
1992-09-24,3,2,5+6A
1992-09-25,2,0,2B
1992-09-26,0,6,2A+4B
1992-09-27,0,9,1
1992-09-28,4,0,3B
1992-09-29,7,2,3A-2B
1992-09-30,7,9,2A+4B
1992-10-01,5,3,3A+4B
1992-10-02,5,3,4B
1992-10-03,2,0,3B
1992-10-04,1,4,4A
1992-10-05,0,5,1+4B
1992-10-06,1,1,3C+4B
1992-10-07,0,0,3A
1992-10-08,0,0,3A+4B
1992-10-09,0,0,2D
1992-10-10,0,9,2A-3B
1992-10-11,3,0,3B+4B
1992-10-12,2,0,4B
1992-10-13,4,0,3A+4B
1992-10-14,4,0,4B
1992-10-15,2,0,4B
1992-10-16,0,2,4B+1
1992-10-17,0,6,3C
1992-10-18,0,9,3C
1992-10-19,1,1,4B
1992-10-20,1,0,2C
1992-10-21,0,2,2C-3B
1992-10-22,1,1,3B
1992-10-23,4,0,3B
1992-10-24,3,0,2D
1992-10-25,0,8,1+2A
1992-10-26,0,4,1
1992-10-27,1,9,1
1992-10-28,3,3,3B
1992-10-29,6,9,3B
1992-10-30,4,5,2D
1992-10-31,0,4,2A
1992-11-01,0,8,1
1992-11-02,2,5,3B
1992-11-03,6,9,3B
1992-11-04,2,6,2A+4B
1992-11-05,4,2,3B-4A
1992-11-06,1,1,2B
1992-11-07,0,2,1+6A
1992-11-08,0,9,1+2C
1992-11-09,2,0,3A-2D
1992-11-10,2,7,2B-2A
1992-11-11,2,8,1
1992-11-12,2,2,3B
1992-11-13,4,1,3C
1992-11-14,5,2,3A+4B
1992-11-15,2,7,3B+2A
1992-11-16,2,7,2A+4B
1992-11-17,2,3,3B+4B
1992-11-18,2,3,3B
1992-11-19,4,0,3B
1992-11-20,0,8,2A+2C
1992-11-21,1,6,2C-1
1992-11-22,3,4,2A+3B
1992-11-23,3,5,2A+3D
1992-11-24,2,9,3B
1992-11-25,0,9,2A
1992-11-26,0,5,1
1992-11-27,0,5,1
1992-11-28,3,3,3B
1992-11-29,2,9,2A+4B
1992-11-30,1,2,1+6A
1992-12-01,1,2,2D
1992-12-02,0,3,2A-1
1992-12-03,0,9,1
1992-12-04,1,1,1
1992-12-05,2,2,3B
1992-12-06,6,1,3B+4B
1992-12-07,7,1,2B+4B
1992-12-08,1,8,2A-1
1992-12-09,2,3,3B
1992-12-10,1,0,2D
1992-12-11,0,6,2A-1
1992-12-12,2,5,3B
1992-12-13,2,5,2B
1992-12-14,0,4,1
1992-12-15,0,6,1
1992-12-16,1,9,3C
1992-12-17,0,8,1
1992-12-18,0,6,1
1992-12-19,1,6,3B+3D
1992-12-20,4,2,2A-2D
1992-12-21,0,3,3A-2B
1992-12-22,0,6,2A
1992-12-23,0,8,1+4B
1992-12-24,0,6,1
1992-12-25,0,7,1
1992-12-26,1,7,3B
1992-12-27,2,8,3D
1992-12-28,1,5,2D
1992-12-29,1,6,1
1992-12-30,2,4,1+2B
1992-12-31,1,4,1
1993-01-01,2,9,3B
1993-01-02,5,9,2A+4B
1993-01-03,2,4,2A-1
1993-01-04,1,5,1
1993-01-05,0,8,1
1993-01-06,2,9,3B
1993-01-07,2,2,2D
1993-01-08,0,8,1
1993-01-09,2,2,3B-4B
1993-01-10,0,9,4B
1993-01-11,0,5,1+4B
1993-01-12,0,6,1+4B
1993-01-13,0,9,3B+4B
1993-01-14,1,2,4B
1993-01-15,2,0,2D
1993-01-16,0,2,2D
1993-01-17,0,2,1+2A
1993-01-18,0,9,2B+4B
1993-01-19,0,9,2D
1993-01-20,0,6,1+2A
1993-01-21,0,6,1
1993-01-22,0,8,1
1993-01-23,3,0,3B-2D
1993-01-24,4,0,4B
1993-01-25,0,0,2C
1993-01-26,0,2,2D
1993-01-27,0,9,2A+2B
1993-01-28,0,3,1+2A
1993-01-29,0,7,1+2A
1993-01-30,1,5,1
1993-01-31,0,7,1
1993-02-01,0,8,1
1993-02-02,0,5,1
1993-02-03,2,5,3D
1993-02-04,2,5,1
1993-02-05,4,6,3D
1993-02-06,4,7,3D+4A
1993-02-07,0,8,4A
1993-02-08,0,4,1
1993-02-09,1,7,2D
1993-02-10,1,6,1
1993-02-11,2,4,3D
1993-02-12,2,7,2A-1
1993-02-13,1,7,1+3B
1993-02-14,2,4,2A-1
1993-02-15,2,8,3B+3D
1993-02-16,2,2,3C-2D
1993-02-17,2,0,2D
1993-02-18,0,7,1
1993-02-19,0,3,1
1993-02-20,2,2,3B
1993-02-21,3,0,2D
1993-02-22,0,8,2D
1993-02-23,0,4,2D-1
1993-02-24,0,8,1
1993-02-25,0,4,1
1993-02-26,2,6,3B
1993-02-27,4,9,3C
1993-02-28,3,7,2D
1993-03-01,1,7,1
1993-03-02,2,6,1
1993-03-03,3,8,3B+3D
1993-03-04,3,4,3B
1993-03-05,6,9,3B+2A
1993-03-06,2,3,3D-2B
1993-03-07,1,6,2D
1993-03-08,0,8,1
1993-03-09,0,6,3B
1993-03-10,2,6,2C
1993-03-11,1,2,1
1993-03-12,1,9,2C
1993-03-13,0,2,1
1993-03-14,0,6,3D+1
1993-03-15,0,9,2C
1993-03-16,0,3,1
1993-03-17,0,2,1
1993-03-18,0,6,1
1993-03-19,0,3,1
1993-03-20,1,3,1+2C
1993-03-21,3,4,3B
1993-03-22,3,8,3B
1993-03-23,3,6,3B
1993-03-24,4,8,2B
1993-03-25,1,5,1+4B
1993-03-26,2,4,3B+4B
1993-03-27,2,2,3B+4B
1993-03-28,0,9,2D
1993-03-29,0,4,1
1993-03-30,4,9,3B
1993-03-31,6,9,2C
1993-04-01,9,4,2B
1993-04-02,0,3,2A+3B
1993-04-03,0,9,3D
1993-04-04,1,0,2A+2C
1993-04-05,0,7,2A+2C
1993-04-06,0,7,1
1993-04-07,0,7,1
1993-04-08,0,7,2A+1
1993-04-09,0,7,3B
1993-04-10,0,9,3B
1993-04-11,1,9,2B+4B
1993-04-12,2,9,2C-3B
1993-04-13,3,5,2C+3B
1993-04-14,3,8,3C
1993-04-15,3,8,3C
1993-04-16,4,8,4B
1993-04-17,4,6,2A+4B
1993-04-18,0,7,2A-3D
1993-04-19,1,6,3A+3D
1993-04-20,4,2,3A
1993-04-21,7,4,3A
1993-04-22,7,8,2D
1993-04-23,7,7,2D
1993-04-24,5,6,2B+4B
1993-04-25,4,7,2A
1993-04-26,3,6,3D
1993-04-27,4,5,2A-3B
1993-04-28,4,9,4A
1993-04-29,9,6,4A-4B
1993-04-30,9,1,2D+3A
1993-05-01,6,1,3B+4B
1993-05-02,7,1,2D
1993-05-03,9,0,2D
1993-05-04,6,2,3B+4B
1993-05-05,6,2,3B+4B
1993-05-06,7,3,4B
1993-05-07,9,7,3A+4B
1993-05-08,8,4,3A+3B
1993-05-09,7,4,2C
1993-05-10,7,5,2D
1993-05-11,4,8,2A-3D
1993-05-12,4,8,3D
1993-05-13,3,7,4A
1993-05-14,1,5,4A-4B
1993-05-15,2,6,3B
1993-05-16,4,9,3B
1993-05-17,6,9,3D-2D
1993-05-18,7,4,2D
1993-05-19,6,7,3B
1993-05-20,6,9,3B
1993-05-21,5,9,3B
1993-05-22,6,8,2D
1993-05-23,6,7,2D-3B
1993-05-24,5,6,2A+4B
1993-05-25,5,7,2A+4B
1993-05-26,4,8,2A+4B
1993-05-27,4,7,2A+3C
1993-05-28,5,7,3A+4B
1993-05-29,6,4,2C+4B
1993-05-30,8,8,2C+4B
1993-05-31,8,4,2C
1993-06-01,8,4,3B
1993-06-02,9,9,3A-2B
1993-06-03,9,0,2B
1993-06-04,9,0,2D
1993-06-05,9,0,3A-3B
1993-06-06,9,4,2D
1993-06-07,9,4,3B
1993-06-08,9,9,3B-2C
1993-06-09,8,3,2C
1993-06-10,5,8,3D
1993-06-11,7,6,3B+3D
1993-06-12,7,5,5
1993-06-13,6,5,4A
1993-06-14,7,6,4A
1993-06-15,7,7,4A
1993-06-16,9,5,4A
1993-06-17,9,7,4A
1993-06-18,9,7,4A
1993-06-19,9,4,4A
1993-06-20,9,5,4B
1993-06-21,8,6,3B+4B
1993-06-22,8,6,3B-2C
1993-06-23,8,7,2C
1993-06-24,9,8,3B
1993-06-25,8,8,3B-4B
1993-06-26,6,7,4A
1993-06-27,5,7,2A+4B
1993-06-28,4,7,4A
1993-06-29,5,6,4A+2A
1993-06-30,9,5,4A
1993-07-01,7,7,3B+4B
1993-07-02,7,9,4A
1993-07-03,7,5,2B+4B
1993-07-04,5,9,3B+4B
1993-07-05,7,8,4A
1993-07-06,7,8,3B+4B
1993-07-07,7,6,4A
1993-07-08,9,4,3A+4A
1993-07-09,8,4,3A+4A
1993-07-10,8,4,4A
1993-07-11,7,7,4A
1993-07-12,8,4,4A
1993-07-13,8,8,4A
1993-07-14,8,7,2B+4A
1993-07-15,9,5,2D+4B
1993-07-16,9,5,2B+4B
1993-07-17,8,6,4A
1993-07-18,9,5,4B
1993-07-19,8,0,4B
1993-07-20,8,0,4B
1993-07-21,7,1,4B
1993-07-22,7,1,4B
1993-07-23,7,1,3A+4B
1993-07-24,9,3,3A+4B
1993-07-25,8,2,4A+6B
1993-07-26,7,1,2B+6A
1993-07-27,7,0,4A+6A
1993-07-28,9,2,2B+4A
1993-07-29,7,1,4A+6A
1993-07-30,9,2,6B
1993-07-31,9,8,2A+5
1993-08-01,9,6,2A+4A
1993-08-02,9,6,4A
1993-08-03,9,7,3A+4B
1993-08-04,9,8,3A+4B
1993-08-05,9,3,3A+4B
1993-08-06,7,2,3A+4A
1993-08-07,7,0,4A+3A
1993-08-08,7,1,4A+3A
1993-08-09,7,1,4A+6A
1993-08-10,8,2,6B
1993-08-11,9,2,6B-2A
1993-08-12,9,1,2A+5
1993-08-13,9,2,5
1993-08-14,9,0,4A
1993-08-15,9,6,4A
1993-08-16,5,6,4A
1993-08-17,5,5,4A
1993-08-18,5,8,4A
1993-08-19,8,9,4A
1993-08-20,8,3,4A
1993-08-21,6,2,4A
1993-08-22,6,9,4A
1993-08-23,6,4,2A-3B
1993-08-24,7,5,5
1993-08-25,6,9,5
1993-08-26,5,4,6B
1993-08-27,9,0,6B+4A
1993-08-28,4,7,6C+2A
1993-08-29,3,8,3B+4B
1993-08-30,3,7,4B
1993-08-31,3,1,3B+4B
1993-09-01,2,3,4B
1993-09-02,3,1,4B+6A
1993-09-03,7,1,3A+6A
1993-09-04,9,1,6A+6B
1993-09-05,9,0,2D
1993-09-06,6,0,2B+4B
1993-09-07,0,0,3A+4B
1993-09-08,7,0,4B+6A
1993-09-09,1,0,3A+6B
1993-09-10,2,1,4B
1993-09-11,4,2,3B+4B
1993-09-12,6,2,3A+4B
1993-09-13,7,9,3A+4A
1993-09-14,7,9,2B+4A
1993-09-15,6,6,3B+4B
1993-09-16,7,5,2A+4B
1993-09-17,7,5,3B-2B
1993-09-18,6,5,2A+4A
1993-09-19,3,7,4B
1993-09-20,3,7,3B+4B
1993-09-21,3,2,3B+4B
1993-09-22,4,1,4B
1993-09-23,6,0,3A+4B
1993-09-24,1,0,2A+4B
1993-09-25,0,0,2B+4B
1993-09-26,0,0,2A+4B
1993-09-27,0,4,3B
1993-09-28,0,7,3D
1993-09-29,7,1,2A
1993-09-30,2,0,2A+4A
1993-10-01,0,9,2A+4B
1993-10-02,2,3,3B+4B
1993-10-03,4,1,3A+4B
1993-10-04,1,0,2C
1993-10-05,1,1,2A+3C
1993-10-06,4,1,3C+4B
1993-10-07,1,0,3A+6A
1993-10-08,0,2,6A+6B
1993-10-09,1,7,3C
1993-10-10,2,7,2A+3C
1993-10-11,2,6,3B
1993-10-12,2,8,2A+3C
1993-10-13,1,6,3C
1993-10-14,2,9,3C
1993-10-15,4,2,3B
1993-10-16,6,9,2C+3C
1993-10-17,3,8,2A+2C
1993-10-18,2,7,4B
1993-10-19,2,7,4B
1993-10-20,3,9,3B
1993-10-21,2,0,2C
1993-10-22,0,1,2A+2C
1993-10-23,0,2,2D
1993-10-24,0,7,1+2A
1993-10-25,0,5,1
1993-10-26,1,7,1+3C
1993-10-27,3,3,3B
1993-10-28,3,2,3B
1993-10-29,2,2,3B-2B
1993-10-30,2,0,2B+4A
1993-10-31,3,6,2A
1993-11-01,2,5,1
1993-11-02,2,5,3C
1993-11-03,2,7,3C
1993-11-04,4,4,3C
1993-11-05,1,8,2A+3B
1993-11-06,0,9,3B+3D
1993-11-07,0,9,3C+4A
1993-11-08,0,9,3C+4B
1993-11-09,1,2,1+4B
1993-11-10,4,0,3B+4A
1993-11-11,3,1,3C+2C
1993-11-12,0,0,4A
1993-11-13,7,0,3A-2B
1993-11-14,2,0,2A+2D
1993-11-15,0,9,2A-3B
1993-11-16,0,2,3C
1993-11-17,0,9,3A-2B
1993-11-18,1,2,2B+4B
1993-11-19,1,2,1
1993-11-20,4,0,3A-2B
1993-11-21,0,3,2D
1993-11-22,0,7,1
1993-11-23,2,7,2B
1993-11-24,1,7,1+2A
1993-11-25,2,6,3D
1993-11-26,3,9,3D
1993-11-27,3,8,3A+4B
1993-11-28,2,5,1+2A
1993-11-29,1,7,3B
1993-11-30,4,1,3B
1993-12-01,2,2,2B
1993-12-02,3,6,3B
1993-12-03,2,7,2A+4A
1993-12-04,1,5,1
1993-12-05,1,7,1
1993-12-06,2,9,1+2C
1993-12-07,1,6,1+3C
1993-12-08,3,0,2C+3C
1993-12-09,0,3,1-3B
1993-12-10,2,1,2C-2D
1993-12-11,0,3,2D
1993-12-12,1,3,3B
1993-12-13,1,3,2A+3D
1993-12-14,0,4,1+2C
1993-12-15,0,6,1
1993-12-16,1,5,3B
1993-12-17,0,6,2A+2C
1993-12-18,0,8,1
1993-12-19,3,3,3B+3D
1993-12-20,2,0,2D
1993-12-21,0,3,2A+2B
1993-12-22,0,4,1+2A
1993-12-23,0,6,1+2A
1993-12-24,2,4,1+3C
1993-12-25,4,2,2D
1993-12-26,2,2,2B+3D
1993-12-27,0,3,2D
1993-12-28,0,5,1
1993-12-29,0,6,1-3B
1993-12-30,3,1,3B
1993-12-31,0,5,2A+2B
1994-01-01,0,8,1
1994-01-02,3,9,2B+3D
1994-01-03,2,7,1+4A
1994-01-04,1,5,1
1994-01-05,1,6,1-3B
1994-01-06,2,7,2D
1994-01-07,1,4,1+2A
1994-01-08,3,4,3B
1994-01-09,0,1,2B+3B
1994-01-10,1,1,1+2C
1994-01-11,1,1,1+2C
1994-01-12,0,2,1
1994-01-13,1,2,1+4B
1994-01-14,0,2,2C
1994-01-15,0,7,1-3B
1994-01-16,1,7,3B
1994-01-17,1,8,2A+2B
1994-01-18,0,5,1+4B
1994-01-19,0,6,1
1994-01-20,1,4,1
1994-01-21,1,6,1+2C
1994-01-22,0,3,1+2B
1994-01-23,0,3,2A+2B
1994-01-24,0,7,1
1994-01-25,2,9,2D+3C
1994-01-26,2,1,2B
1994-01-27,0,4,1
1994-01-28,1,2,2D
1994-01-29,0,3,1
1994-01-30,0,8,1
1994-01-31,2,2,3B
1994-02-01,1,8,2A+2C
1994-02-02,0,5,1
1994-02-03,0,6,1
1994-02-04,1,6,1+4B
1994-02-05,2,7,2B+4B
1994-02-06,2,7,3C+4B
1994-02-07,2,7,2C-1
1994-02-08,0,8,3B
1994-02-09,0,7,2D
1994-02-10,0,5,1
1994-02-11,0,5,1-3C
1994-02-12,0,4,2C
1994-02-13,0,5,1
1994-02-14,0,5,1+3D
1994-02-15,0,6,1+2C
1994-02-16,0,6,1
1994-02-17,0,8,1
1994-02-18,1,6,3B
1994-02-19,3,9,3B
1994-02-20,4,4,2C
1994-02-21,0,3,2A+2D
1994-02-22,0,7,1+2A
1994-02-23,0,6,1+2A
1994-02-24,0,4,1
1994-02-25,0,7,1
1994-02-26,0,9,1
1994-02-27,0,2,1
1994-02-28,0,7,1+2B
1994-03-01,0,3,2D
1994-03-02,0,8,1+2A
1994-03-03,1,3,2B+3B
1994-03-04,0,9,2A+2D
1994-03-05,0,7,2B
1994-03-06,3,3,3B
1994-03-07,7,1,3B-2B
1994-03-08,7,1,2A+2B
1994-03-09,0,3,2A+2C
1994-03-10,2,6,1+4B
1994-03-11,2,5,3B
1994-03-12,1,5,4B
1994-03-13,1,5,1+4B
1994-03-14,2,6,1+4B
1994-03-15,2,5,1+2C
1994-03-16,3,4,2A+3D
1994-03-17,2,8,2A+4B
1994-03-18,0,8,3B
1994-03-19,0,9,2D
1994-03-20,1,1,2D-1
1994-03-21,0,9,3B
1994-03-22,2,1,3A
1994-03-23,6,0,2D
1994-03-24,9,0,2D-2B
1994-03-25,0,8,1+2A
1994-03-26,1,8,2C
1994-03-27,4,9,3D
1994-03-28,4,5,2A+3D
1994-03-29,1,4,1+4B
1994-03-30,3,9,2C+3B
1994-03-31,3,6,2A-3B
1994-04-01,5,9,3D-2C
1994-04-02,4,7,2A+2C
1994-04-03,1,5,2A+3B
1994-04-04,5,9,3B+3D
1994-04-05,4,4,3D
1994-04-06,3,2,3D+4B
1994-04-07,2,0,2B+4A
1994-04-08,0,9,1+4B
1994-04-09,1,6,1+3A
1994-04-10,3,3,3B
1994-04-11,4,9,3B
1994-04-12,6,6,2B
1994-04-13,4,8,2A+4B
1994-04-14,3,6,2A+3D
1994-04-15,3,5,3C
1994-04-16,3,6,3C
1994-04-17,2,6,2A+3C
1994-04-18,3,3,3B-2C
1994-04-19,3,1,2A+2C
1994-04-20,3,2,3B+4B
1994-04-21,4,2,3B+4B
1994-04-22,7,4,3A+4B
1994-04-23,7,4,3A+4B
1994-04-24,6,8,2A+2C
1994-04-25,5,8,3B
1994-04-26,4,6,2A+4B
1994-04-27,4,9,3B
1994-04-28,7,6,2B+2C
1994-04-29,9,6,2B+3D
1994-04-30,9,8,2A+3C
1994-05-01,7,1,3A+4A
1994-05-02,7,1,3A+4A
1994-05-03,7,1,3A+4A
1994-05-04,8,1,2D
1994-05-05,6,7,2A+2D
1994-05-06,4,7,2A+3D
1994-05-07,4,8,2A+3D
1994-05-08,4,6,2A+4B
1994-05-09,7,5,3B
1994-05-10,6,5,3C
1994-05-11,6,8,2A-2D
1994-05-12,4,8,2C
1994-05-13,4,9,3B
1994-05-14,8,9,3A
1994-05-15,8,2,2B
1994-05-16,5,7,2A
1994-05-17,3,5,2A+3D
1994-05-18,3,7,2A+4B
1994-05-19,3,5,3B+4B
1994-05-20,6,4,3B
1994-05-21,6,9,2A+3C
1994-05-22,6,9,3C
1994-05-23,7,4,3C
1994-05-24,7,4,3C
1994-05-25,7,9,3C
1994-05-26,7,4,2D
1994-05-27,6,7,2A+2B
1994-05-28,5,9,2A+3D
1994-05-29,6,5,3C+4B
1994-05-30,5,7,2C+4B
1994-05-31,4,6,3B+3D
1994-06-01,5,4,3C+4B
1994-06-02,9,6,3C
1994-06-03,8,6,2A+3C
1994-06-04,3,2,3C
1994-06-05,6,1,4B
1994-06-06,6,3,3A+4B
1994-06-07,6,4,3B+4B
1994-06-08,5,6,2A+4B
1994-06-09,5,8,2A+4B
1994-06-10,6,8,3B+4B
1994-06-11,6,8,3B+4B
1994-06-12,7,7,4B
1994-06-13,7,8,4A
1994-06-14,8,8,2C+4B
1994-06-15,9,6,2A+4B
1994-06-16,8,8,4B
1994-06-17,8,0,3B+4B
1994-06-18,9,2,3A+2C
1994-06-19,9,2,3A+2C
1994-06-20,8,3,2D+4B
1994-06-21,6,8,2D+4B
1994-06-22,8,6,2A-3B
1994-06-23,6,5,2B+4B
1994-06-24,6,5,2B+4B
1994-06-25,8,6,2C
1994-06-26,9,5,2A+2C
1994-06-27,9,8,2A+4A
1994-06-28,8,8,3A+4A
1994-06-29,7,8,3A+4B
1994-06-30,8,4,4A
1994-07-01,7,7,4A
1994-07-02,6,5,2A+4A
1994-07-03,4,6,4A+5
1994-07-04,5,5,5
1994-07-05,8,7,4A+5
1994-07-06,9,8,4A+5
1994-07-07,8,4,4A+5
1994-07-08,8,9,4A+5
1994-07-09,9,9,4A+5
1994-07-10,9,9,4A+6A
1994-07-11,8,2,2A+6A
1994-07-12,8,5,2A+5
1994-07-13,7,8,5
1994-07-14,5,8,2A+5
1994-07-15,4,5,5
1994-07-16,5,1,2C+5
1994-07-17,6,2,5
1994-07-18,6,2,4B+5
1994-07-19,7,9,5
1994-07-20,6,4,5
1994-07-21,7,3,5
1994-07-22,7,3,5+6A
1994-07-23,8,3,5+6A
1994-07-24,8,2,5+6A
1994-07-25,8,2,5+6A
1994-07-26,7,0,5+6A
1994-07-27,7,1,2B+5
1994-07-28,9,3,2C+3A
1994-07-29,8,2,2C+3A
1994-07-30,8,9,2C+3A
1994-07-31,7,6,5+6A
1994-08-01,5,9,5+6A
1994-08-02,6,5,5+6B
1994-08-03,5,8,2A+5
1994-08-04,4,7,2A+5
1994-08-05,5,9,5
1994-08-06,7,5,5
1994-08-07,4,5,2A+5
1994-08-08,4,6,5+6A
1994-08-09,8,9,5+6A
1994-08-10,7,1,5+6A
1994-08-11,7,2,5+6B
1994-08-12,7,2,6A+6B
1994-08-13,7,1,5+6A
1994-08-14,7,1,5+6A
1994-08-15,7,1,4A+5
1994-08-16,7,1,4A+5
1994-08-17,6,1,3A+5
1994-08-18,2,2,2A+5
1994-08-19,2,0,4A+5
1994-08-20,0,0,4A+6A
1994-08-21,7,1,3A+6A
1994-08-22,6,0,3A+2C
1994-08-23,5,2,2C+3A
1994-08-24,8,4,3A+5
1994-08-25,8,4,3A+5
1994-08-26,7,4,5
1994-08-27,6,9,4A+5
1994-08-28,5,3,4A+5
1994-08-29,5,2,4A+5
1994-08-30,5,3,4A+5
1994-08-31,5,0,4A+5
1994-09-01,5,1,2A+6A
1994-09-02,1,9,2A+3B
1994-09-03,2,6,3B+3D
1994-09-04,4,9,2C+3C
1994-09-05,6,9,2A+5
1994-09-06,7,5,2A-4A
1994-09-07,5,4,4A
1994-09-08,1,0,2A
1994-09-09,5,7,2A+3B
1994-09-10,3,8,6A
1994-09-11,4,6,2A+6B
1994-09-12,2,6,4B+6B
1994-09-13,0,0,4B
1994-09-14,5,0,4B
1994-09-15,5,0,4B
1994-09-16,0,0,2C+4A
1994-09-17,0,0,2B
1994-09-18,9,0,2B+3A
1994-09-19,9,5,6C
1994-09-20,9,0,2A+3D
1994-09-21,9,0,2B
1994-09-22,0,0,2D+4B
1994-09-23,6,0,2B+4B
1994-09-24,0,0,4B
1994-09-25,0,0,2D
1994-09-26,3,2,3A+4B
1994-09-27,0,0,4B+6A
1994-09-28,1,0,4A+6A
1994-09-29,1,0,4A+6A
1994-09-30,9,0,4A+6B
1994-10-01,9,0,2A
1994-10-02,2,3,3B
1994-10-03,3,3,3A
1994-10-04,7,2,3A+4B
1994-10-05,6,4,2A+2C
1994-10-06,4,6,2A
1994-10-07,3,3,2A+3B
1994-10-08,3,2,3B
1994-10-09,2,1,4B+6A
1994-10-10,4,0,3C+6A
1994-10-11,6,3,4A+6A
1994-10-12,9,3,4A+6B
1994-10-13,4,7,2A+4B
1994-10-14,1,6,1
1994-10-15,4,1,3B
1994-10-16,2,5,2A+3C
1994-10-17,0,8,4A
1994-10-18,1,6,1+3B
1994-10-19,2,0,3C
1994-10-20,0,9,4A
1994-10-21,2,9,3B+4B
1994-10-22,1,7,2D
1994-10-23,0,4,1
1994-10-24,1,1,1+4B
1994-10-25,4,0,3A+4B
1994-10-26,0,0,3C+4B
1994-10-27,0,0,3C+4B
1994-10-28,0,0,2A+4B
1994-10-29,0,2,2A+2C
1994-10-30,0,7,4B
1994-10-31,0,3,1+4B
1994-11-01,3,9,3B
1994-11-02,6,4,3C
1994-11-03,1,6,2A+2C
1994-11-04,2,4,1-3B
1994-11-05,6,9,3B
1994-11-06,6,9,2A+2C
1994-11-07,2,7,2A+2C
1994-11-08,3,4,3B+6B
1994-11-09,4,4,3C
1994-11-10,1,6,2A+4A
1994-11-11,5,3,3A+3D
1994-11-12,2,9,2A+3D
1994-11-13,0,9,1+4A
1994-11-14,0,9,1+4B
1994-11-15,0,9,1+4B
1994-11-16,4,0,3C+4B
1994-11-17,4,3,3C+4B
1994-11-18,3,0,2B
1994-11-19,1,3,2A+4B
1994-11-20,0,2,1+2C
1994-11-21,1,2,1
1994-11-22,3,0,2D+3A
1994-11-23,1,9,1
1994-11-24,4,0,3A
1994-11-25,2,0,2A+4A
1994-11-26,0,3,2A+2C
1994-11-27,0,3,1
1994-11-28,1,6,3B+3D
1994-11-29,2,6,3C+2C
1994-11-30,1,2,3B
1994-12-01,0,1,3B
1994-12-02,0,9,2A+4A
1994-12-03,0,4,2A-1
1994-12-04,1,7,1
1994-12-05,1,5,1
1994-12-06,1,6,1-3B
1994-12-07,2,7,2B+3D
1994-12-08,1,7,3B
1994-12-09,1,7,2A+4A
1994-12-10,0,6,1+4B
1994-12-11,1,9,3B-2C
1994-12-12,0,3,4B
1994-12-13,0,4,1+4B
1994-12-14,0,8,1
1994-12-15,0,8,1+3C
1994-12-16,0,8,1
1994-12-17,0,4,1+2B
1994-12-18,0,7,1
1994-12-19,0,5,1
1994-12-20,1,5,3B
1994-12-21,1,7,1+4B
1994-12-22,2,9,3C
1994-12-23,3,2,3B
1994-12-24,2,2,2A+3D
1994-12-25,0,5,1+4B
1994-12-26,2,2,3B
1994-12-27,0,9,2D
1994-12-28,0,3,1
1994-12-29,0,7,1+2A
1994-12-30,1,9,3B
1994-12-31,0,7,1+2C
1995-01-01,0,8,1
1995-01-02,1,7,1-3B
1995-01-03,3,4,3B-4B
1995-01-04,3,7,2D
1995-01-05,0,8,1
1995-01-06,2,5,1
1995-01-07,2,6,2B
1995-01-08,3,6,3B
1995-01-09,4,5,2A+2B
1995-01-10,1,8,1
1995-01-11,2,7,1
1995-01-12,2,5,1
1995-01-13,0,7,1
1995-01-14,0,6,1
1995-01-15,0,7,1
1995-01-16,0,5,1
1995-01-17,0,6,1
1995-01-18,1,4,2B
1995-01-19,1,8,1
1995-01-20,2,4,2D+4B
1995-01-21,3,9,3B
1995-01-22,2,0,2B
1995-01-23,0,8,2D
1995-01-24,0,6,1
1995-01-25,0,5,1
1995-01-26,0,6,1
1995-01-27,0,3,1+2A
1995-01-28,0,3,1+2D
1995-01-29,0,9,1+2C
1995-01-30,0,5,1+2A
1995-01-31,0,5,1+2A
1995-02-01,0,8,1
1995-02-02,0,9,1
1995-02-03,0,5,1
1995-02-04,1,9,1+4B
1995-02-05,0,6,2D
1995-02-06,0,6,1
1995-02-07,2,6,1+2C
1995-02-08,2,6,2A+3D
1995-02-09,1,3,2D
1995-02-10,0,7,1
1995-02-11,3,3,3B
1995-02-12,2,1,2A-2C
1995-02-13,0,4,2C
1995-02-14,1,6,1+4B
1995-02-15,0,9,2A+2B
1995-02-16,0,6,2D
1995-02-17,0,8,1+2A
1995-02-18,0,7,1+3B
1995-02-19,0,3,1+2C
1995-02-20,0,6,1
1995-02-21,0,5,1
1995-02-22,0,5,1
1995-02-23,1,3,3B
1995-02-24,0,9,2D-2C
1995-02-25,0,9,2C
1995-02-26,0,2,2D
1995-02-27,0,9,2C-1
1995-02-28,0,2,2B
1995-03-01,0,2,2D
1995-03-02,0,7,1-3A
1995-03-03,1,3,2D
1995-03-04,0,8,2C
1995-03-05,0,7,1
1995-03-06,3,4,3D
1995-03-07,3,9,3D
1995-03-08,1,4,2B
1995-03-09,0,7,3B
1995-03-10,9,6,2D
1995-03-11,0,3,2D
1995-03-12,0,8,2B
1995-03-13,0,3,1+2C
1995-03-14,1,3,3B
1995-03-15,2,1,2A+3B
1995-03-16,8,2,2A+2B
1995-03-17,4,6,2A+2C
1995-03-18,3,7,1+4B
1995-03-19,3,6,3C
1995-03-20,6,5,3B
1995-03-21,3,0,2A+3D
1995-03-22,0,9,2A-2C
1995-03-23,1,1,3A
1995-03-24,2,0,2C
1995-03-25,0,5,1+4B
1995-03-26,3,5,3A+2C
1995-03-27,2,8,2A+3D
1995-03-28,5,3,2C-3B
1995-03-29,6,2,3B
1995-03-30,8,2,2A+2C
1995-03-31,9,0,2D
1995-04-01,0,5,1+2D
1995-04-02,1,6,1+2B
1995-04-03,3,5,1+3C
1995-04-04,3,7,3B
1995-04-05,6,9,3C
1995-04-06,6,4,2A+2C
1995-04-07,6,8,2A+2D
1995-04-08,4,5,2A+3B
1995-04-09,4,5,2A-2C
1995-04-10,1,8,1-3B
1995-04-11,2,7,3B
1995-04-12,4,7,2D
1995-04-13,1,6,3D
1995-04-14,7,1,2C
1995-04-15,8,0,2D-3B
1995-04-16,7,1,3A+4B
1995-04-17,9,9,2A+4B
1995-04-18,8,9,2A+4B
1995-04-19,5,6,2D
1995-04-20,2,5,2A-3B
1995-04-21,6,5,3B
1995-04-22,6,6,2A+4A
1995-04-23,4,7,2A+4A
1995-04-24,4,6,3B+4B
1995-04-25,6,5,2A+4B
1995-04-26,5,8,2D
1995-04-27,6,5,3B
1995-04-28,7,4,4B
1995-04-29,7,9,4B
1995-04-30,7,4,4B
1995-05-01,7,4,2B+4A
1995-05-02,7,4,2B
1995-05-03,5,6,2A+4B
1995-05-04,3,5,2A+4B
1995-05-05,4,5,2A+4B
1995-05-06,4,9,2B+3D
1995-05-07,5,9,2A+3B
1995-05-08,6,9,3C+4B
1995-05-09,6,9,3D
1995-05-10,6,9,3C
1995-05-11,7,3,2A+2C
1995-05-12,7,3,2C+3A
1995-05-13,7,2,2D
1995-05-14,6,4,2D
1995-05-15,5,6,2A+2C
1995-05-16,8,6,2C
1995-05-17,8,7,2A-3B
1995-05-18,5,9,3B
1995-05-19,7,4,3B
1995-05-20,6,4,2A+3C
1995-05-21,6,6,2A+2B
1995-05-22,5,7,2B
1995-05-23,3,6,2A-3D
1995-05-24,7,5,3D
1995-05-25,6,9,4A+5
1995-05-26,5,7,2A+4B
1995-05-27,4,9,2D-3B
1995-05-28,7,5,3B
1995-05-29,7,9,2B
1995-05-30,7,8,2A+4B
1995-05-31,6,6,2B+4B
1995-06-01,8,9,3B+4B
1995-06-02,8,4,3C
1995-06-03,7,2,3A-2B
1995-06-04,9,3,2B
1995-06-05,8,6,2A+2B
1995-06-06,9,4,2D
1995-06-07,8,9,3A+4B
1995-06-08,6,2,3A+4B
1995-06-09,8,9,4B
1995-06-10,8,0,4B
1995-06-11,6,0,3A+4B
1995-06-12,6,3,3B+4B
1995-06-13,9,3,2C+3A
1995-06-14,7,1,2D+3A
1995-06-15,8,9,2D+4B
1995-06-16,8,6,2D+4B
1995-06-17,9,7,3B+4B
1995-06-18,8,7,3A+4A
1995-06-19,8,6,2D+4B
1995-06-20,9,6,2D+4B
1995-06-21,9,5,2B+4B
1995-06-22,9,7,3A+4B
1995-06-23,9,5,3A+4B
1995-06-24,8,8,4B
1995-06-25,9,5,3A+4B
1995-06-26,8,7,2C+4B
1995-06-27,9,6,2A+4B
1995-06-28,9,5,4B
1995-06-29,7,6,4B
1995-06-30,8,5,2A+4B
1995-07-01,8,8,2B+4A
1995-07-02,8,7,4A
1995-07-03,7,7,4A
1995-07-04,7,6,4A
1995-07-05,7,8,4A
1995-07-06,7,8,4A
1995-07-07,7,9,4A
1995-07-08,6,9,4A+5
1995-07-09,6,8,4A+5
1995-07-10,6,9,4A+5
1995-07-11,6,8,4A+5
1995-07-12,6,6,4A
1995-07-13,6,8,4A+5
1995-07-14,5,7,2A+4A
1995-07-15,9,6,2A+5
1995-07-16,9,5,4A
1995-07-17,5,7,4A
1995-07-18,4,5,3B+4B
1995-07-19,6,7,3B-4A
1995-07-20,6,6,4A
1995-07-21,6,6,4A+6A
1995-07-22,6,5,4A+6A
1995-07-23,7,8,5+6B
1995-07-24,7,5,5
1995-07-25,7,5,2A+5
1995-07-26,6,4,5
1995-07-27,5,4,5
1995-07-28,6,9,5
1995-07-29,6,9,2A+5
1995-07-30,6,5,4A+5
1995-07-31,7,6,4A+5
1995-08-01,7,8,4A+5
1995-08-02,6,7,4A+5
1995-08-03,9,8,4A+5
1995-08-04,9,8,4A+5
1995-08-05,8,4,4A+5
1995-08-06,7,9,4A+5
1995-08-07,7,7,4A+5
1995-08-08,7,7,4A+5
1995-08-09,7,6,4A+5
1995-08-10,5,6,4A
1995-08-11,9,7,3A+4A
1995-08-12,8,8,3A+5
1995-08-13,8,4,4A+5
1995-08-14,8,3,4A+5
1995-08-15,5,4,4A+5
1995-08-16,3,8,4A+5
1995-08-17,3,6,3B+5
1995-08-18,5,9,4A+5
1995-08-19,9,9,4A+5
1995-08-20,9,9,4A+5
1995-08-21,5,7,4A+5
1995-08-22,6,2,3A+4A
1995-08-23,7,2,3A+5
1995-08-24,9,9,4A+5
1995-08-25,6,4,4A+5
1995-08-26,6,8,4A+5
1995-08-27,9,6,2B+5
1995-08-28,8,9,2A+4A
1995-08-29,6,3,3B+4A
1995-08-30,7,2,3B+6A
1995-08-31,8,1,4A
1995-09-01,9,7,3B+4A
1995-09-02,6,7,3B
1995-09-03,5,6,2A+4A
1995-09-04,4,6,2A+4A
1995-09-05,3,5,2A+4B
1995-09-06,5,7,3C+4B
1995-09-07,4,6,2A+4A
1995-09-08,2,5,3B+4A
1995-09-09,4,5,3B+4A
1995-09-10,6,6,2A+4A
1995-09-11,4,6,2A+4A
1995-09-12,3,6,2A+3B
1995-09-13,2,9,3B-4B
1995-09-14,3,3,4A
1995-09-15,4,0,3A+4B
1995-09-16,2,0,4B+6A
1995-09-17,0,2,4B+6B
1995-09-18,0,9,3A
1995-09-19,4,0,3A+4B
1995-09-20,0,1,3A+4B
1995-09-21,0,0,3A
1995-09-22,5,1,3A+6A
1995-09-23,7,2,3A+6A
1995-09-24,8,1,4A+6B
1995-09-25,0,6,2A+4B
1995-09-26,3,1,4B
1995-09-27,5,0,2B+4B
1995-09-28,4,6,2A+3B
1995-09-29,4,3,3B+4B
1995-09-30,5,2,3A+4B
1995-10-01,4,0,3B-2C
1995-10-02,2,1,2D
1995-10-03,2,8,3D+4A
1995-10-04,3,8,4A
1995-10-05,3,7,2B+4B
1995-10-06,1,7,1+4B
1995-10-07,3,3,3C+4B
1995-10-08,4,0,2A+4B
1995-10-09,0,0,2A+4B
1995-10-10,5,2,3A+4B
1995-10-11,0,0,3A+4B
1995-10-12,5,0,3C+4B
1995-10-13,5,0,3C
1995-10-14,4,0,3B
1995-10-15,3,0,3C+4A
1995-10-16,0,0,2B+4B
1995-10-17,0,1,2A-1
1995-10-18,0,9,1+3C
1995-10-19,1,1,2A+4B
1995-10-20,0,1,1+4B
1995-10-21,1,2,3C+4B
1995-10-22,3,0,4B+6B
1995-10-23,1,2,3B
1995-10-24,4,0,2B+4B
1995-10-25,2,6,2A-1
1995-10-26,1,6,1
1995-10-27,2,3,1
1995-10-28,4,0,3B+4B
1995-10-29,7,3,4B
1995-10-30,6,9,2A+3C
1995-10-31,3,7,2B+4B
1995-11-01,0,4,1+2A
1995-11-02,2,6,1
1995-11-03,2,7,1+3C
1995-11-04,2,4,1+3C
1995-11-05,3,9,3B
1995-11-06,3,9,3B
1995-11-07,3,7,2B
1995-11-08,0,7,1+2A
1995-11-09,2,6,1+2A
1995-11-10,3,7,2B+3D
1995-11-11,3,7,2D
1995-11-12,3,9,3B
1995-11-13,4,4,3D
1995-11-14,1,9,2A+2B
1995-11-15,1,6,2A-1
1995-11-16,2,5,3B
1995-11-17,2,9,1+3C
1995-11-18,1,6,3B
1995-11-19,3,0,3B
1995-11-20,1,4,2A+2C
1995-11-21,2,7,1+3C
1995-11-22,2,9,3B
1995-11-23,3,7,2A+4A
1995-11-24,2,5,2A-1
1995-11-25,2,5,1
1995-11-26,3,8,3B-2D
1995-11-27,0,4,1+2A
1995-11-28,0,7,1+2A
1995-11-29,0,4,1+2A
1995-11-30,0,5,1+2A
1995-12-01,0,3,1+2A
1995-12-02,0,6,1+2A
1995-12-03,0,7,1
1995-12-04,0,6,1+2B
1995-12-05,0,5,1+2D
1995-12-06,0,7,1+2B
1995-12-07,0,8,1
1995-12-08,0,8,1
1995-12-09,0,7,1
1995-12-10,1,7,3B
1995-12-11,2,4,3B
1995-12-12,0,8,2C-1
1995-12-13,0,5,1
1995-12-14,1,4,2B+3D
1995-12-15,1,5,2D-1
1995-12-16,0,6,1
1995-12-17,0,8,1
1995-12-18,0,7,1
1995-12-19,0,6,1+2C
1995-12-20,1,6,1+2B
1995-12-21,1,8,1+2C
1995-12-22,1,6,1+2A
1995-12-23,1,4,1+2A
1995-12-24,0,4,2B
1995-12-25,0,7,1
1995-12-26,0,5,1+2B
1995-12-27,0,4,1
1995-12-28,2,3,2B+3B
1995-12-29,2,7,2A+2C
1995-12-30,1,7,2A-1
1995-12-31,1,5,1+3C
1996-01-01,2,6,1
1996-01-02,2,6,3B
1996-01-03,2,8,2B
1996-01-04,0,5,1
1996-01-05,0,5,1-3B
1996-01-06,0,7,3C
1996-01-07,0,7,3B-2B
1996-01-08,0,8,2A-1
1996-01-09,0,4,1
1996-01-10,0,5,1
1996-01-11,0,5,1
1996-01-12,0,5,1
1996-01-13,0,7,3B
1996-01-14,3,1,3B-2B
1996-01-15,1,5,2A+4A
1996-01-16,0,4,1+4B
1996-01-17,1,9,1+2B
1996-01-18,1,6,1+4B
1996-01-19,2,7,3B+4B
1996-01-20,2,0,2D
1996-01-21,0,7,1
1996-01-22,2,1,2B+4B
1996-01-23,0,3,1+2D
1996-01-24,0,7,1+2A
1996-01-25,0,5,1+2A
1996-01-26,0,6,1+4B
1996-01-27,2,5,3B
1996-01-28,3,4,3C
1996-01-29,2,6,2A-1
1996-01-30,0,4,1
1996-01-31,0,7,1
1996-02-01,0,7,1
1996-02-02,0,7,1
1996-02-03,0,7,1
1996-02-04,1,7,3D
1996-02-05,0,3,2D
1996-02-06,0,4,2D-1
1996-02-07,0,7,1
1996-02-08,1,9,2B+3D
1996-02-09,0,7,1+2A
1996-02-10,0,8,1
1996-02-11,3,7,3D
1996-02-12,4,5,2A+3D
1996-02-13,4,6,4A+4B
1996-02-14,4,6,2A+4B
1996-02-15,0,8,1+2C
1996-02-16,0,8,1+4B
1996-02-17,0,9,1+4B
1996-02-18,0,9,1+4B
1996-02-19,0,6,1
1996-02-20,0,9,1
1996-02-21,0,5,1+2A
1996-02-22,0,3,1+2A
1996-02-23,1,9,1+2A
1996-02-24,1,6,1-3B
1996-02-25,2,7,3B-2C
1996-02-26,2,7,2C-3C
1996-02-27,2,5,2D
1996-02-28,1,7,3B
1996-02-29,3,7,3B
1996-03-01,2,8,2D
1996-03-02,0,6,1
1996-03-03,1,6,1
1996-03-04,1,8,2A
1996-03-05,0,7,1
1996-03-06,1,7,3B
1996-03-07,3,2,3D-2B
1996-03-08,0,9,2D
1996-03-09,0,7,1+2B
1996-03-10,0,4,1
1996-03-11,1,7,2A+2C
1996-03-12,1,7,1
1996-03-13,7,5,3B
1996-03-14,6,5,3B
1996-03-15,5,8,2C
1996-03-16,9,6,3B
1996-03-17,5,6,2A+2B
1996-03-18,0,6,1+2A
1996-03-19,1,8,1
1996-03-20,3,3,3B
1996-03-21,3,0,3C
1996-03-22,2,0,2D
1996-03-23,0,5,1
1996-03-24,3,9,3B
1996-03-25,3,6,2A+2C
1996-03-26,1,7,3B
1996-03-27,2,3,3B+4B
1996-03-28,3,3,3B+4B
1996-03-29,4,9,3B
1996-03-30,6,7,2A+2B
1996-03-31,0,7,2A-1
1996-04-01,0,4,2A+2C
1996-04-02,0,4,1
1996-04-03,0,4,1
1996-04-04,2,6,3B
1996-04-05,2,7,3B
1996-04-06,2,6,3D
1996-04-07,3,7,2A+2C
1996-04-08,0,7,1+4B
1996-04-09,0,9,2A+3C
1996-04-10,2,0,2A+3C
1996-04-11,0,2,1+4B
1996-04-12,0,8,1
1996-04-13,2,5,3B
1996-04-14,4,9,3D
1996-04-15,4,5,2A+2C
1996-04-16,8,8,2C
1996-04-17,9,6,3C
1996-04-18,9,0,2D
1996-04-19,0,2,3B
1996-04-20,0,2,2A+2C
1996-04-21,3,5,3C
1996-04-22,6,9,3B
1996-04-23,6,9,3B
1996-04-24,7,4,3C
1996-04-25,7,4,2A+3C
1996-04-26,5,4,3B
1996-04-27,6,4,3D
1996-04-28,5,9,3B+3D
1996-04-29,5,5,2A+3D
1996-04-30,7,5,3A+3D
1996-05-01,7,2,2B
1996-05-02,7,3,2D
1996-05-03,6,4,2A+3B
1996-05-04,9,2,3C
1996-05-05,9,0,2C
1996-05-06,0,7,3B
1996-05-07,9,6,3B
1996-05-08,7,0,2C+3A
1996-05-09,9,0,2D
1996-05-10,5,6,2A+3D
1996-05-11,3,5,2A+3D
1996-05-12,6,8,2D+3A
1996-05-13,0,1,3B
1996-05-14,4,0,3B
1996-05-15,5,1,2A+3C
1996-05-16,5,2,2A+3B
1996-05-17,5,0,3A+3C
1996-05-18,6,0,3A+4B
1996-05-19,7,9,3A+2C
1996-05-20,7,3,3A
1996-05-21,8,3,2B
1996-05-22,7,9,2A+2B
1996-05-23,9,0,2A+3B
1996-05-24,7,8,2A+3B
1996-05-25,6,7,3B
1996-05-26,5,8,3B+3D
1996-05-27,6,9,2A+3C
1996-05-28,5,9,4B
1996-05-29,6,5,4B
1996-05-30,4,7,2A+4B
1996-05-31,2,8,4A+4B
1996-06-01,8,6,3B+4B
1996-06-02,7,5,3B
1996-06-03,5,5,2A+4B
1996-06-04,4,7,2A+4B
1996-06-05,4,8,3B+4B
1996-06-06,7,4,3A+4B
1996-06-07,7,4,3A+4B
1996-06-08,7,3,4A
1996-06-09,9,4,4A
1996-06-10,8,9,4A
1996-06-11,9,4,2B+4A
1996-06-12,9,8,2A+4A
1996-06-13,9,7,3A+4A
1996-06-14,8,5,3A+4A
1996-06-15,8,5,3A+4A
1996-06-16,8,7,3A+4A
1996-06-17,8,8,4A
1996-06-18,8,8,2B+4A
1996-06-19,8,7,2A+4B
1996-06-20,7,7,2A+4A
1996-06-21,8,6,2B+4A
1996-06-22,8,6,3A+4A
1996-06-23,8,4,3A+4B
1996-06-24,8,4,3A+4A
1996-06-25,7,6,4A
1996-06-26,7,8,4A
1996-06-27,7,6,4A
1996-06-28,6,6,2B+4A
1996-06-29,7,6,2A+4A
1996-06-30,7,7,2A+4A
1996-07-01,7,6,4A
1996-07-02,7,6,4B
1996-07-03,7,6,4A
1996-07-04,8,8,3B+4A
1996-07-05,8,7,2B+4A
1996-07-06,9,1,2A+4A
1996-07-07,6,0,3A+4A
1996-07-08,0,0,3A+4B
1996-07-09,6,0,3A+4B
1996-07-10,7,0,4A+6B
1996-07-11,9,1,3B+6B
1996-07-12,5,6,4A
1996-07-13,3,4,3B+5
1996-07-14,5,4,4A+5
1996-07-15,6,5,4A+5
1996-07-16,7,8,4A+5
1996-07-17,7,8,4A+5
1996-07-18,9,5,5+6A
1996-07-19,9,7,5+6B
1996-07-20,9,8,3A+2C
1996-07-21,9,9,3A+2C
1996-07-22,9,3,3A+4A
1996-07-23,8,9,4A
1996-07-24,8,9,5
1996-07-25,7,3,5
1996-07-26,8,9,5
1996-07-27,7,9,4A+5
1996-07-28,6,2,4A+5
1996-07-29,6,9,5
1996-07-30,4,4,5
1996-07-31,7,2,4A+6A
1996-08-01,5,0,4A+6A
1996-08-02,8,3,4A+5
1996-08-03,7,4,5
1996-08-04,5,8,2A+5
1996-08-05,4,6,4B+5
1996-08-06,8,6,2C+3A
1996-08-07,7,9,3A+6A
1996-08-08,8,3,3A+6A
1996-08-09,8,2,3A+6A
1996-08-10,7,0,3B+6A
1996-08-11,9,2,3A+6A
1996-08-12,8,2,3A+6A
1996-08-13,9,3,6A
1996-08-14,6,6,6B
1996-08-15,5,7,6B
1996-08-16,4,6,2A-5
1996-08-17,4,9,4A+5
1996-08-18,7,4,2A+4A
1996-08-19,6,3,5
1996-08-20,6,0,3A+5
1996-08-21,6,0,3A+5
1996-08-22,3,0,4A+5
1996-08-23,3,0,4A
1996-08-24,4,0,4A
1996-08-25,0,0,3A+4B
1996-08-26,0,1,3A+4A
1996-08-27,0,0,4A
1996-08-28,6,0,4A
1996-08-29,6,0,4A
1996-08-30,6,1,4A
1996-08-31,6,0,3A+4A
1996-09-01,0,0,4A+6B
1996-09-02,0,2,4A+6B
1996-09-03,0,3,4B
1996-09-04,3,2,3C+4B
1996-09-05,6,1,2A+2C
1996-09-06,5,1,4A
1996-09-07,5,1,4A
1996-09-08,5,1,3B
1996-09-09,6,3,4A
1996-09-10,6,3,4B
1996-09-11,6,3,3B+4B
1996-09-12,6,1,3B+4B
1996-09-13,0,0,4A
1996-09-14,0,0,2C+4B
1996-09-15,6,0,3B
1996-09-16,5,0,2A+3C
1996-09-17,5,0,2B+3C
1996-09-18,0,0,2C+6A
1996-09-19,6,0,3B+6A
1996-09-20,0,0,2A+6A
1996-09-21,6,0,4B+6A
1996-09-22,9,1,6B
1996-09-23,9,0,2A-3B
1996-09-24,2,9,3B
1996-09-25,2,1,3B+4B
1996-09-26,2,1,2A+4B
1996-09-27,1,9,3A+4B
1996-09-28,4,0,3B+4B
1996-09-29,3,1,4B+6A
1996-09-30,2,0,4B+6A
1996-10-01,0,2,4B+6A
1996-10-02,0,1,3A
1996-10-03,0,1,3A+2B
1996-10-04,0,8,2B
1996-10-05,3,4,2C-3B
1996-10-06,6,9,3D
1996-10-07,3,5,2A+4A
1996-10-08,3,6,2A+4B
1996-10-09,2,7,2A+4B
1996-10-10,2,3,3B+4B
1996-10-11,4,1,3B+4B
1996-10-12,0,0,3C+4B
1996-10-13,5,1,3C+4B
1996-10-14,2,0,2A+4B
1996-10-15,0,5,2A+4B
1996-10-16,1,8,1
1996-10-17,2,4,3B
1996-10-18,2,2,3C+4B
1996-10-19,1,2,1+4B
1996-10-20,1,3,1
1996-10-21,4,0,3B
1996-10-22,4,2,3B
1996-10-23,6,3,3A
1996-10-24,3,0,3C
1996-10-25,2,0,3C+4A
1996-10-26,0,5,1
1996-10-27,2,6,3B
1996-10-28,7,4,3C
1996-10-29,6,9,2A+3B
1996-10-30,2,5,2A+3D
1996-10-31,3,0,3C+4B
1996-11-01,0,0,4A
1996-11-02,1,5,4B
1996-11-03,4,0,3B+4B
1996-11-04,3,2,3B
1996-11-05,2,0,2A+3C
1996-11-06,0,4,2A-1
1996-11-07,1,6,3B
1996-11-08,3,2,3C+4A
1996-11-09,1,0,4A
1996-11-10,0,9,3B+4A
1996-11-11,2,0,3C+4A
1996-11-12,0,3,1+6A
1996-11-13,0,6,1+6B
1996-11-14,2,4,2B+3D
1996-11-15,1,7,1
1996-11-16,2,8,1
1996-11-17,3,8,3D
1996-11-18,2,7,1+4B
1996-11-19,2,5,1
1996-11-20,4,3,3B
1996-11-21,3,8,2A+2C
1996-11-22,2,6,1
1996-11-23,2,9,3B
1996-11-24,4,1,3B+4B
1996-11-25,4,0,2A-3B
1996-11-26,0,0,3B
1996-11-27,5,0,2A+2D
1996-11-28,0,8,1+2A
1996-11-29,0,7,2D
1996-11-30,0,8,1+2A
1996-12-01,0,5,1+2D
1996-12-02,0,4,1
1996-12-03,3,3,3B
1996-12-04,3,0,2A+3D
1996-12-05,2,8,2B
1996-12-06,0,4,1+2A
1996-12-07,2,5,2D
1996-12-08,2,5,1
1996-12-09,3,9,3D
1996-12-10,6,9,2C
1996-12-11,2,7,2A+2C
1996-12-12,2,7,2A+3C
1996-12-13,3,2,3A+3D
1996-12-14,3,0,2A+3C
1996-12-15,3,2,3A
1996-12-16,0,0,3A
1996-12-17,2,0,2A+2C
1996-12-18,0,7,2A-1
1996-12-19,0,8,1
1996-12-20,1,6,1-3B
1996-12-21,2,9,3C
1996-12-22,2,7,2D
1996-12-23,1,5,2A-1
1996-12-24,3,9,3D
1996-12-25,1,9,2A
1996-12-26,0,5,1
1996-12-27,2,9,3B
1996-12-28,1,8,2A
1996-12-29,0,5,1
1996-12-30,0,5,3D
1996-12-31,0,5,2B+3C
1997-01-01,0,9,2B+3D
1997-01-02,0,7,2A
1997-01-03,0,8,1
1997-01-04,0,8,1
1997-01-05,0,9,3D-2D
1997-01-06,0,2,2D
1997-01-07,0,8,1
1997-01-08,0,9,1+2C
1997-01-09,0,4,1
1997-01-10,0,9,1
1997-01-11,1,9,1
1997-01-12,1,9,1
1997-01-13,3,3,3B
1997-01-14,2,8,2A+3D
1997-01-15,1,5,1
1997-01-16,1,6,1
1997-01-17,1,4,3B
1997-01-18,1,7,2A
1997-01-19,0,6,1
1997-01-20,0,5,2C-3B
1997-01-21,0,5,2D-1
1997-01-22,0,6,1
1997-01-23,0,5,1
1997-01-24,1,7,1+2C
1997-01-25,0,5,1
1997-01-26,0,5,1
1997-01-27,0,4,1
1997-01-28,1,4,1+2B
1997-01-29,0,5,1+2A
1997-01-30,0,5,1
1997-01-31,0,4,1+2C
1997-02-01,0,7,1
1997-02-02,0,9,3D
1997-02-03,2,0,2D
1997-02-04,0,8,1
1997-02-05,0,5,3B
1997-02-06,0,7,2D
1997-02-07,0,6,1
1997-02-08,2,2,2A+2C
1997-02-09,0,6,1+4B
1997-02-10,1,4,1+3C
1997-02-11,0,5,1+2D
1997-02-12,0,4,1
1997-02-13,1,7,1
1997-02-14,2,5,1
1997-02-15,4,3,3B
1997-02-16,2,0,2D
1997-02-17,0,4,1+2A
1997-02-18,0,6,1
1997-02-19,1,6,1
1997-02-20,2,7,3D
1997-02-21,0,7,2A
1997-02-22,0,5,1
1997-02-23,1,7,3B
1997-02-24,3,9,3B+3D
1997-02-25,2,8,3D-2B
1997-02-26,1,7,1+4A
1997-02-27,2,3,3B
1997-02-28,3,0,3B-2B
1997-03-01,0,4,2A
1997-03-02,1,4,1+2B
1997-03-03,2,8,1+4B
1997-03-04,2,5,3D
1997-03-05,3,9,2A+3D
1997-03-06,5,4,3B
1997-03-07,3,5,2A
1997-03-08,1,4,1+2A
1997-03-09,1,6,1+3D
1997-03-10,2,5,3B-2B
1997-03-11,1,6,2A-1
1997-03-12,2,9,3B
1997-03-13,3,1,3B
1997-03-14,2,0,3A-2C
1997-03-15,0,1,2C+4B
1997-03-16,0,2,2C+4B
1997-03-17,0,2,1+4B
1997-03-18,2,2,3B
1997-03-19,2,9,4B
1997-03-20,2,4,3B+4B
1997-03-21,2,3,2A+2C
1997-03-22,0,5,2C
1997-03-23,0,8,1+4B
1997-03-24,2,5,1+2C
1997-03-25,2,4,2A-3D
1997-03-26,2,9,3C
1997-03-27,3,8,2C
1997-03-28,5,9,3D
1997-03-29,5,5,2A+2C
1997-03-30,4,6,2A-1
1997-03-31,2,8,1-3B
1997-04-01,2,6,3B
1997-04-02,2,9,3D-4A
1997-04-03,3,2,4A
1997-04-04,5,4,3B+4A
1997-04-05,5,4,4A
1997-04-06,7,5,4B
1997-04-07,7,9,2D
1997-04-08,4,7,2A+3D
1997-04-09,3,8,2A+2C
1997-04-10,2,6,2A
1997-04-11,2,5,2A+4B
1997-04-12,3,5,3D
1997-04-13,4,5,2B+3D
1997-04-14,1,2,3D
1997-04-15,1,1,2C
1997-04-16,1,2,3B
1997-04-17,4,2,3B
1997-04-18,4,3,3B+3D
1997-04-19,5,2,2C-3B
1997-04-20,0,0,3B
1997-04-21,5,0,3A
1997-04-22,0,0,2A+4A
1997-04-23,0,2,2A+4B
1997-04-24,0,6,1
1997-04-25,1,6,3C
1997-04-26,3,6,3B
1997-04-27,4,7,3D
1997-04-28,5,9,2A+2C
1997-04-29,5,6,2A+2C
1997-04-30,4,7,4A
1997-05-01,5,9,3C+4B
1997-05-02,4,6,2A+5
1997-05-03,5,9,3B+2C
1997-05-04,6,7,2A+2C
1997-05-05,4,5,3B
1997-05-06,4,6,2A+5
1997-05-07,4,9,3A-2B
1997-05-08,4,8,2A
1997-05-09,3,5,4B
1997-05-10,6,5,2A+3D
1997-05-11,5,4,2A+5
1997-05-12,8,9,3A
1997-05-13,7,9,3B-2B
1997-05-14,7,8,2B
1997-05-15,7,8,2A+4B
1997-05-16,9,5,2A+4B
1997-05-17,9,5,2A+4B
1997-05-18,9,6,2B+4B
1997-05-19,9,1,2D+4B
1997-05-20,0,2,2D+4B
1997-05-21,9,0,2D
1997-05-22,9,0,2D+3A
1997-05-23,6,1,3A
1997-05-24,7,0,2B+4B
1997-05-25,9,0,2D
1997-05-26,9,5,2D+3D
1997-05-27,5,1,2D+3D
1997-05-28,0,1,3B+3D
1997-05-29,7,9,3A+3D
1997-05-30,9,4,3A+2C
1997-05-31,9,1,2D
1997-06-01,9,2,2B+3D
1997-06-02,8,2,3A-2A
1997-06-03,7,2,2A-4B
1997-06-04,9,4,2C+4B
1997-06-05,9,5,2A+3D
1997-06-06,9,7,2A+4A
1997-06-07,9,7,3B
1997-06-08,8,7,3A+4B
1997-06-09,7,8,2D+4B
1997-06-10,7,8,2D
1997-06-11,8,7,3B+4B
1997-06-12,9,4,4B
1997-06-13,7,9,3B+4B
1997-06-14,9,4,2A+3B
1997-06-15,7,9,3A+2C
1997-06-16,6,9,2C+3A
1997-06-17,7,9,3C+4B
1997-06-18,6,3,3C+4B
1997-06-19,7,9,4B+6A
1997-06-20,6,5,4B+6B
1997-06-21,5,6,2A-5
1997-06-22,5,8,4B
1997-06-23,6,9,2A+4B
1997-06-24,6,9,4B
1997-06-25,6,8,2A+5
1997-06-26,7,2,4A+5
1997-06-27,9,9,4A+6A
1997-06-28,8,7,4A+6B
1997-06-29,8,6,2A+3B
1997-06-30,7,6,3C+4B
1997-07-01,7,7,2C+5
1997-07-02,6,8,2D+4A
1997-07-03,6,5,4A+5
1997-07-04,4,7,4A+5
1997-07-05,4,8,4A+5
1997-07-06,7,7,4A+5
1997-07-07,7,6,2A+4A
1997-07-08,7,6,2A+4A
1997-07-09,6,7,4A
1997-07-10,6,5,4A
1997-07-11,6,5,4A
1997-07-12,6,6,4A
1997-07-13,6,5,4A
1997-07-14,5,8,4A
1997-07-15,5,7,2A+4A
1997-07-16,5,6,4A+5
1997-07-17,4,7,4A
1997-07-18,5,5,3B+4B
1997-07-19,7,5,4B+5
1997-07-20,7,4,5
1997-07-21,7,4,5
1997-07-22,7,9,5
1997-07-23,5,1,5
1997-07-24,5,3,5
1997-07-25,1,0,5+6A
1997-07-26,7,0,6B
1997-07-27,9,2,6B
1997-07-28,8,0,2B
1997-07-29,9,1,2D
1997-07-30,8,0,2D
1997-07-31,8,2,2C+5
1997-08-01,7,2,4A+5
1997-08-02,7,8,4A+5
1997-08-03,7,6,5
1997-08-04,6,8,4A+5
1997-08-05,6,7,4A+5
1997-08-06,5,6,4A+6A
1997-08-07,7,6,4A+6A
1997-08-08,7,6,4A+6A
1997-08-09,7,8,4A+6B
1997-08-10,8,7,4A+5
1997-08-11,9,9,4A+5
1997-08-12,6,0,3A+4A
1997-08-13,5,0,4A
1997-08-14,0,0,3A+4A
1997-08-15,0,0,3A
1997-08-16,0,0,3A+6A
1997-08-17,7,2,3A+6A
1997-08-18,7,2,3A+6A
1997-08-19,7,2,3A+4A
1997-08-20,6,1,4A
1997-08-21,7,2,4A+5
1997-08-22,7,4,2A+5
1997-08-23,9,0,2A+5
1997-08-24,9,0,2A+5
1997-08-25,4,2,2D
1997-08-26,5,2,3A+2C
1997-08-27,5,2,5
1997-08-28,7,4,5+6A
1997-08-29,5,9,5+6A
1997-08-30,6,4,2C+5
1997-08-31,5,4,5
1997-09-01,5,8,5+6A
1997-09-02,4,6,4A+6A
1997-09-03,4,6,4A+6B
1997-09-04,4,6,4B
1997-09-05,5,9,3B+4B
1997-09-06,6,4,3A+4A
1997-09-07,7,9,4A
1997-09-08,6,4,4A
1997-09-09,3,7,2A+4A
1997-09-10,2,7,2A+4B
1997-09-11,2,3,4A
1997-09-12,3,0,2A+3C
1997-09-13,1,0,3A+4B
1997-09-14,1,1,4B+6A
1997-09-15,2,0,4B+6A
1997-09-16,5,0,3A+6A
1997-09-17,6,0,2B
1997-09-18,0,2,2A+4B
1997-09-19,0,9,4A+6B
1997-09-20,1,8,3C
1997-09-21,1,0,2A+4B
1997-09-22,4,0,3A+4B
1997-09-23,0,0,3A+4B
1997-09-24,0,0,3A+4B
1997-09-25,1,0,3A
1997-09-26,2,0,2D+4B
1997-09-27,0,3,2A+4B
1997-09-28,3,7,2A+4B
1997-09-29,7,4,2A+3C
1997-09-30,7,4,3B
1997-10-01,5,1,3A+3B
1997-10-02,0,0,3A+4B
1997-10-03,4,0,3C+4B
1997-10-04,1,0,2C+4A
1997-10-05,1,8,2C+4A
1997-10-06,2,9,1-3B
1997-10-07,5,4,2A+2C
1997-10-08,3,5,2A+4B
1997-10-09,3,6,3C
1997-10-10,4,5,2A+3C
1997-10-11,0,6,2A+4A
1997-10-12,3,6,2A+4B
1997-10-13,3,5,2A+3D
1997-10-14,1,6,2B+3D
1997-10-15,2,9,2A+4B
1997-10-16,4,3,3B+4B
1997-10-17,5,4,2A+2C
1997-10-18,3,6,2A+3C
1997-10-19,4,9,2A+3C
1997-10-20,6,5,2A+3D
1997-10-21,4,8,2A+3D
1997-10-22,3,4,3A+4B
1997-10-23,2,7,3B
1997-10-24,1,3,3A+6A
1997-10-25,2,5,2A+4A
1997-10-26,0,7,1
1997-10-27,0,6,1
1997-10-28,1,6,1
1997-10-29,2,0,2B
1997-10-30,0,9,2B+4B
1997-10-31,0,6,2A-1
1997-11-01,1,6,1
1997-11-02,3,4,3B
1997-11-03,2,2,3C
1997-11-04,0,9,2A+3C
1997-11-05,0,9,1+2B
1997-11-06,0,6,1
1997-11-07,1,5,1
1997-11-08,1,7,1+3C
1997-11-09,1,6,1+3C
1997-11-10,4,1,3B
1997-11-11,4,3,2D-3B
1997-11-12,2,7,2A+3D
1997-11-13,3,3,3A+4A
1997-11-14,7,3,3A+4B
1997-11-15,0,9,4B
1997-11-16,0,2,1+4B
1997-11-17,0,2,2C
1997-11-18,0,4,2A-1
1997-11-19,2,6,3B
1997-11-20,5,3,3B
1997-11-21,1,0,2A+3C
1997-11-22,3,0,2D
1997-11-23,0,6,2A-1
1997-11-24,4,3,3B
1997-11-25,7,3,3B-2A
1997-11-26,2,0,2B
1997-11-27,1,6,2A-1
1997-11-28,4,0,3A
1997-11-29,3,0,2B
1997-11-30,0,5,2A-1
1997-12-01,1,5,2C+3B
1997-12-02,0,4,1+4B
1997-12-03,0,6,1
1997-12-04,2,9,3B
1997-12-05,2,9,3B
1997-12-06,3,0,3B-2B
1997-12-07,2,0,2B
1997-12-08,0,2,2D
1997-12-09,0,3,2A
1997-12-10,1,8,1+2B
1997-12-11,2,5,2B
1997-12-12,1,6,1+2A
1997-12-13,1,7,1
1997-12-14,2,6,3B
1997-12-15,2,6,2A+2B
1997-12-16,1,6,1
1997-12-17,3,4,3B-2D
1997-12-18,4,6,2C-3D
1997-12-19,3,6,3D
1997-12-20,0,9,2A-4A
1997-12-21,0,6,1+4B
1997-12-22,1,2,1+4B
1997-12-23,0,9,1+2C
1997-12-24,1,1,3A+2C
1997-12-25,4,0,3A
1997-12-26,4,0,2C+3B
1997-12-27,2,4,2A+2C
1997-12-28,1,7,1
1997-12-29,2,9,3B
1997-12-30,2,9,2D
1997-12-31,0,4,1
1998-01-01,2,7,2C
1998-01-02,2,8,1
1998-01-03,2,4,2A+3D
1998-01-04,1,4,2D
1998-01-05,2,7,1
1998-01-06,2,7,1
1998-01-07,0,8,1
1998-01-08,0,5,2D
1998-01-09,0,5,1
1998-01-10,0,7,3C
1998-01-11,0,6,2C
1998-01-12,0,2,2C
1998-01-13,0,2,1
1998-01-14,1,2,3D-2C
1998-01-15,2,0,2C
1998-01-16,0,2,1
1998-01-17,0,9,3B
1998-01-18,2,0,2D
1998-01-19,0,4,1+2A
1998-01-20,2,6,1
1998-01-21,3,7,2B
1998-01-22,1,6,1
1998-01-23,0,7,2D
1998-01-24,0,8,1
1998-01-25,0,7,1
1998-01-26,1,5,1
1998-01-27,1,4,1
1998-01-28,1,4,1+2C
1998-01-29,0,4,1
1998-01-30,2,8,3C
1998-01-31,1,4,2D-1
1998-02-01,1,5,1-2C
1998-02-02,2,8,2D
1998-02-03,0,4,2D
1998-02-04,0,8,1
1998-02-05,1,7,1
1998-02-06,1,4,1
1998-02-07,2,9,2C+3A
1998-02-08,0,3,2D
1998-02-09,0,4,1
1998-02-10,2,5,2C
1998-02-11,8,6,3B
1998-02-12,6,8,2A
1998-02-13,1,5,1-3C
1998-02-14,1,4,2C
1998-02-15,1,6,2C
1998-02-16,2,3,1
1998-02-17,2,1,1
1998-02-18,4,0,3B
1998-02-19,3,1,3B
1998-02-20,2,1,2D
1998-02-21,0,2,2C-1
1998-02-22,1,2,1+4B
1998-02-23,2,2,3B+4B
1998-02-24,4,0,2C+3A
1998-02-25,2,0,2C+3A
1998-02-26,0,2,2D
1998-02-27,2,0,2D+3C
1998-02-28,0,2,2B+4B
1998-03-01,0,7,2C
1998-03-02,0,4,1
1998-03-03,1,7,3B
1998-03-04,1,9,3C
1998-03-05,4,3,2C+3B
1998-03-06,0,8,2A+3B
1998-03-07,0,6,1+2A
1998-03-08,0,7,3B
1998-03-09,0,9,2A+4B
1998-03-10,1,2,1+4B
1998-03-11,3,1,3B-2D
1998-03-12,5,8,2D
1998-03-13,0,4,1+2A
1998-03-14,1,4,1+2B
1998-03-15,1,6,2C-1
1998-03-16,0,5,1+3B
1998-03-17,0,3,1+3B
1998-03-18,3,2,3B
1998-03-19,5,5,3D
1998-03-20,3,7,2A
1998-03-21,2,8,1+4B
1998-03-22,2,8,2C-1
1998-03-23,2,5,3B
1998-03-24,3,5,3C+4B
1998-03-25,3,5,3C+4B
1998-03-26,5,9,3B
1998-03-27,6,9,2B
1998-03-28,5,9,4B
1998-03-29,4,8,3B
1998-03-30,2,7,2A+3D
1998-03-31,1,7,1+4B
1998-04-01,2,2,2C
1998-04-02,3,5,2C-1
1998-04-03,3,5,3B
1998-04-04,4,9,3B
1998-04-05,4,9,3D
1998-04-06,4,4,4A
1998-04-07,4,8,2C+3A
1998-04-08,9,7,2C+3A
1998-04-09,7,4,2C+3A
1998-04-10,4,5,2A+4B
1998-04-11,1,6,3C
1998-04-12,7,9,3A
1998-04-13,6,5,2A+2B
1998-04-14,5,6,4A
1998-04-15,9,4,2C+3A
1998-04-16,8,5,2D
1998-04-17,7,4,2C+3A
1998-04-18,6,9,2B+4B
1998-04-19,5,9,2A+2C
1998-04-20,7,5,3D
1998-04-21,3,6,5
1998-04-22,4,4,5
1998-04-23,7,7,4A
1998-04-24,5,7,2A+4A
1998-04-25,4,6,4A-1
1998-04-26,8,5,3A+4B
1998-04-27,7,3,3A+4B
1998-04-28,5,4,2C+3B
1998-04-29,2,6,2A+3D
1998-04-30,3,3,3A
1998-05-01,7,3,3A
1998-05-02,6,8,2A+2B
1998-05-03,3,8,2B
1998-05-04,6,4,3B
1998-05-05,7,4,3B+4B
1998-05-06,3,9,2A+4B
1998-05-07,8,3,3A+3B
1998-05-08,4,5,2A
1998-05-09,3,4,3C+4B
1998-05-10,3,9,4B
1998-05-11,5,9,3B+4A
1998-05-12,6,9,2D
1998-05-13,4,7,2A+4B
1998-05-14,5,9,3C+4B
1998-05-15,5,9,3C+4B
1998-05-16,6,9,2B
1998-05-17,6,8,2A+4A
1998-05-18,5,6,2A+4A
1998-05-19,7,6,2C+4A
1998-05-20,5,4,3B
1998-05-21,5,2,3B
1998-05-22,6,1,3A
1998-05-23,6,1,3C
1998-05-24,7,3,5
1998-05-25,6,8,2A
1998-05-26,5,7,4B
1998-05-27,7,4,3A+4B
1998-05-28,7,3,3A+4B
1998-05-29,7,4,4A
1998-05-30,5,8,2D
1998-05-31,4,7,3B
1998-06-01,5,6,2A+3B
1998-06-02,9,9,2B+3A
1998-06-03,8,1,3D
1998-06-04,9,0,3D
1998-06-05,9,4,3A+4B
1998-06-06,8,4,3A+4B
1998-06-07,7,4,3A+4B
1998-06-08,8,9,3D
1998-06-09,7,2,3A+4B
1998-06-10,8,2,4B
1998-06-11,9,4,2D+4B
1998-06-12,9,9,3A+4B
1998-06-13,8,2,3A+4A
1998-06-14,9,4,2B+4A
1998-06-15,9,5,2D+4B
1998-06-16,9,5,2A+4B
1998-06-17,7,6,3A+4B
1998-06-18,7,6,3A+4B
1998-06-19,8,5,4A
1998-06-20,8,7,2A+4B
1998-06-21,9,5,3A+4A
1998-06-22,8,3,3A+4A
1998-06-23,7,4,3A+4A
1998-06-24,6,9,4A
1998-06-25,6,9,4A
1998-06-26,7,7,4A
1998-06-27,6,6,2A+4A
1998-06-28,5,6,4A
1998-06-29,9,7,4A
1998-06-30,9,5,3B
1998-07-01,8,8,4A
1998-07-02,7,7,4A+5
1998-07-03,6,6,4A+5
1998-07-04,4,6,4A+5
1998-07-05,5,5,4A+5
1998-07-06,7,5,5
1998-07-07,7,7,4A+5
1998-07-08,7,8,4A+5
1998-07-09,6,6,4A+5
1998-07-10,9,8,4A+5
1998-07-11,9,5,4A
1998-07-12,9,0,4A
1998-07-13,9,6,3A+4B
1998-07-14,8,5,3A
1998-07-15,8,8,3A
1998-07-16,9,5,4A
1998-07-17,8,8,4B
1998-07-18,8,6,3B
1998-07-19,8,6,3B+4A
1998-07-20,9,5,2D+4B
1998-07-21,9,2,4B
1998-07-22,8,1,4B
1998-07-23,9,2,4A
1998-07-24,7,0,4A
1998-07-25,7,0,4A
1998-07-26,9,2,4A
1998-07-27,9,5,4A
1998-07-28,9,8,4A
1998-07-29,9,5,4A+5
1998-07-30,8,6,4A+5
1998-07-31,8,5,4A+5
1998-08-01,8,8,3A+5
1998-08-02,7,7,4A+5
1998-08-03,8,4,4A+5
1998-08-04,8,8,4A
1998-08-05,9,8,5
1998-08-06,9,4,4A+5
1998-08-07,8,0,4A+5
1998-08-08,9,1,3A+5
1998-08-09,9,6,4A
1998-08-10,8,6,4A
1998-08-11,7,7,4A+5
1998-08-12,7,7,4A+5
1998-08-13,7,7,4A+5
1998-08-14,9,6,4A
1998-08-15,9,2,3A+4A
1998-08-16,9,1,4A
1998-08-17,9,6,4A
1998-08-18,4,9,4A
1998-08-19,5,4,4A
1998-08-20,5,5,4A
1998-08-21,4,8,4A
1998-08-22,5,3,3B+4B
1998-08-23,8,2,4B+5
1998-08-24,9,9,2A+5
1998-08-25,6,7,2A+4A
1998-08-26,5,7,4A
1998-08-27,8,1,4A
1998-08-28,9,2,4A
1998-08-29,8,1,4A
1998-08-30,7,0,4A+6B
1998-08-31,8,0,4A+6B
1998-09-01,9,0,4A
1998-09-02,0,2,4B
1998-09-03,0,7,3A+2C
1998-09-04,8,4,3A+2C
1998-09-05,8,4,3A
1998-09-06,8,4,2C+3A
1998-09-07,8,4,2C+3A
1998-09-08,7,9,2A+2C
1998-09-09,7,3,3B
1998-09-10,5,0,3C
1998-09-11,3,0,3C
1998-09-12,2,1,3C
1998-09-13,2,2,3C
1998-09-14,6,2,3A+4B
1998-09-15,2,0,4A+6A
1998-09-16,9,0,4A+6B
1998-09-17,4,2,2A+6B
1998-09-18,6,1,4B+6A
1998-09-19,4,4,4A+6A
1998-09-20,5,9,4A+5
1998-09-21,2,0,6A
1998-09-22,2,0,4A+6A
1998-09-23,2,2,2A+4A
1998-09-24,6,0,3A+4A
1998-09-25,6,3,4A
1998-09-26,5,2,3B+4B
1998-09-27,4,0,2A+4B
1998-09-28,5,1,3A+4A
1998-09-29,7,2,3A+4B
1998-09-30,8,2,4A+6A
1998-10-01,8,0,2B+4A
1998-10-02,9,0,2A
1998-10-03,1,8,3C
1998-10-04,3,9,3B
1998-10-05,5,3,3B
1998-10-06,3,0,3C-2C
1998-10-07,5,0,2C
1998-10-08,2,0,2C-1
1998-10-09,0,6,1
1998-10-10,5,0,3A
1998-10-11,4,0,3B
1998-10-12,0,0,3B-2B
1998-10-13,0,0,2B
1998-10-14,7,9,4A
1998-10-15,6,9,2A
1998-10-16,3,9,4A+6A
1998-10-17,0,0,4A+6A
1998-10-18,9,0,2A
1998-10-19,2,4,2B+4B
1998-10-20,2,3,3B
1998-10-21,4,0,3A+4B
1998-10-22,0,1,4B
1998-10-23,0,0,3A+4B
1998-10-24,1,0,3A+2C
1998-10-25,0,2,1
1998-10-26,2,2,3C
1998-10-27,4,2,3B+2C
1998-10-28,4,8,2A+3C
1998-10-29,4,9,2C
1998-10-30,3,9,2C+3A
1998-10-31,4,7,2D
1998-11-01,4,7,2A
1998-11-02,3,6,3B+4B
1998-11-03,3,5,3B
1998-11-04,2,6,2A+3B
1998-11-05,0,5,1+4B
1998-11-06,0,0,3A
1998-11-07,0,0,2C
1998-11-08,3,8,2A+3C
1998-11-09,2,6,2A+3D
1998-11-10,1,7,1
1998-11-11,2,7,2A+2C
1998-11-12,2,4,1-3C
1998-11-13,3,7,3C
1998-11-14,2,5,3D+4A
1998-11-15,2,3,3D+4A
1998-11-16,2,1,3D+4A
1998-11-17,0,3,2D
1998-11-18,0,5,1
1998-11-19,0,5,1+2C
1998-11-20,0,9,1
1998-11-21,0,4,1
1998-11-22,2,2,1+2B
1998-11-23,1,2,2D
1998-11-24,0,9,2A+2B
1998-11-25,0,2,1+2A
1998-11-26,2,2,1-3B
1998-11-27,3,0,3D
1998-11-28,0,9,2A+4B
1998-11-29,2,1,3B
1998-11-30,2,2,3D+4B
1998-12-01,0,3,2C+4A
1998-12-02,0,5,1+4B
1998-12-03,1,2,1+4B
1998-12-04,2,1,2B+4B
1998-12-05,2,0,2D
1998-12-06,1,2,1
1998-12-07,4,0,2D+3A
1998-12-08,0,6,2D-1
1998-12-09,0,8,1
1998-12-10,1,9,1+2C
1998-12-11,1,9,2D-1
1998-12-12,2,6,1-3B
1998-12-13,3,7,3C
1998-12-14,3,6,2A+3D
1998-12-15,3,5,1+2A
1998-12-16,3,5,2A+2C
1998-12-17,0,6,1
1998-12-18,4,2,3B
1998-12-19,2,7,2A+3C
1998-12-20,0,5,1
1998-12-21,1,8,1-3B
1998-12-22,1,5,2B+3D
1998-12-23,1,7,1
1998-12-24,0,3,1+4B
1998-12-25,1,3,1-3B
1998-12-26,1,7,2A-1
1998-12-27,0,5,1+2C
1998-12-28,1,9,1
1998-12-29,2,7,2A+3C
1998-12-30,0,7,2A-1
1998-12-31,0,5,1
1999-01-01,0,8,1
1999-01-02,1,6,1+2B
1999-01-03,0,8,1
1999-01-04,1,4,1
1999-01-05,1,6,3B
1999-01-06,1,4,4A
1999-01-07,0,7,1+4B
1999-01-08,0,7,1
1999-01-09,0,7,1
1999-01-10,0,7,1
1999-01-11,0,8,1
1999-01-12,0,5,1
1999-01-13,0,7,1
1999-01-14,0,7,1
1999-01-15,1,4,2D
1999-01-16,0,4,2A-1
1999-01-17,1,4,1
1999-01-18,4,2,3B
1999-01-19,3,0,2D
1999-01-20,0,8,2A-1
1999-01-21,0,4,1
1999-01-22,3,4,3D
1999-01-23,2,3,2A-3D
1999-01-24,5,1,2C-3A
1999-01-25,7,4,2C-3C
1999-01-26,4,6,2A-1
1999-01-27,3,5,3B
1999-01-28,1,8,2A+4B
1999-01-29,0,8,1
1999-01-30,1,8,1-3B
1999-01-31,2,9,3B
1999-02-01,2,5,2C
1999-02-02,0,5,1+2A
1999-02-03,0,6,1
1999-02-04,0,8,1
1999-02-05,1,5,2B
1999-02-06,1,8,1
1999-02-07,1,7,2A+3B
1999-02-08,0,5,1-3B
1999-02-09,1,7,2A+3B
1999-02-10,1,8,1-3C
1999-02-11,2,1,2D
1999-02-12,0,8,1
1999-02-13,0,4,1
1999-02-14,1,4,1-3B
1999-02-15,2,6,3B
1999-02-16,3,4,3B
1999-02-17,2,2,3D
1999-02-18,0,7,2A+2C
1999-02-19,0,4,1+4B
1999-02-20,1,7,1+2B
1999-02-21,2,6,1
1999-02-22,2,4,1+2A
1999-02-23,2,5,3B
1999-02-24,5,2,3A-2B
1999-02-25,3,5,1
1999-02-26,2,1,3D
1999-02-27,0,5,2A+2C
1999-02-28,1,6,1
1999-03-01,2,7,3D
1999-03-02,2,6,3B
1999-03-03,2,8,3B
1999-03-04,3,2,3C+4B
1999-03-05,3,0,2B
1999-03-06,0,6,2A-1
1999-03-07,0,9,2C+4A
1999-03-08,0,2,1
1999-03-09,3,1,3A+4B
1999-03-10,3,0,2B+4B
1999-03-11,0,9,1+4B
1999-03-12,2,2,3B
1999-03-13,3,2,3B
1999-03-14,2,0,3C-2C
1999-03-15,0,0,2C+4A
1999-03-16,0,2,1
1999-03-17,3,2,3B+4A
1999-03-18,7,1,2A+3C
1999-03-19,1,2,2D
1999-03-20,0,2,2C+4A
1999-03-21,3,0,3A-2D
1999-03-22,0,3,2D-1
1999-03-23,2,4,3B
1999-03-24,6,9,3B
1999-03-25,6,4,2D
1999-03-26,3,8,2A+4A
1999-03-27,0,6,1+4B
1999-03-28,0,9,1+2B
1999-03-29,0,6,1
1999-03-30,4,2,3B-2C
1999-03-31,5,2,2C+3C
1999-04-01,2,2,2A+3D
1999-04-02,1,8,2A+4A
1999-04-03,2,4,1
1999-04-04,4,3,3C
1999-04-05,0,0,2A+3C
1999-04-06,0,1,2B+3A
1999-04-07,0,2,2D
1999-04-08,1,6,1-3B
1999-04-09,4,9,3B
1999-04-10,5,3,2A+2D
1999-04-11,7,3,2C
1999-04-12,9,2,2C-2B
1999-04-13,0,8,2B
1999-04-14,2,5,2A
1999-04-15,4,9,3B
1999-04-16,7,4,3B+4B
1999-04-17,6,9,3B
1999-04-18,6,9,2C
1999-04-19,8,2,2C
1999-04-20,0,0,2A-3A
1999-04-21,7,4,3A
1999-04-22,6,4,3B
1999-04-23,7,0,2C
1999-04-24,0,0,2C+3A
1999-04-25,6,0,2C
1999-04-26,2,0,2A+2C
1999-04-27,0,9,2A+3C
1999-04-28,0,3,4A
1999-04-29,2,5,3C+4B
1999-04-30,5,2,3B
1999-05-01,4,3,3B
1999-05-02,6,4,3C
1999-05-03,6,9,3C
1999-05-04,8,9,2A+2B
1999-05-05,9,0,2A
1999-05-06,4,7,2A+2C
1999-05-07,4,8,2A+3C
1999-05-08,5,7,2A+3D
1999-05-09,7,1,2B
1999-05-10,5,4,3C+4A
1999-05-11,4,5,3B+4B
1999-05-12,4,8,2A+3C
1999-05-13,4,5,3C
1999-05-14,2,3,3C+4B
1999-05-15,6,0,3A
1999-05-16,3,2,4B
1999-05-17,3,1,3A+4B
1999-05-18,7,1,3B
1999-05-19,6,8,2D
1999-05-20,4,7,2A
1999-05-21,4,8,3D
1999-05-22,4,9,3D
1999-05-23,9,2,3C+4B
1999-05-24,5,6,2B
1999-05-25,5,7,2A
1999-05-26,8,8,4B
1999-05-27,9,9,2B
1999-05-28,5,6,2A+4B
1999-05-29,5,8,4B-3B
1999-05-30,6,4,3B
1999-05-31,7,4,3C
1999-06-01,6,9,3C
1999-06-02,7,8,3C
1999-06-03,5,4,4B
1999-06-04,7,1,2B+4B
1999-06-05,6,2,3A+4B
1999-06-06,6,1,3A+4B
1999-06-07,5,8,2B+4A
1999-06-08,2,4,2A+4B
1999-06-09,4,9,3B+4B
1999-06-10,5,9,3B
1999-06-11,6,9,3C+4B
1999-06-12,7,5,3B+4B
1999-06-13,5,9,3C+4B
1999-06-14,6,6,3C+4B
1999-06-15,6,7,2A+3C
1999-06-16,5,6,2A+5
1999-06-17,4,7,2A+4A
1999-06-18,9,6,3B+4A
1999-06-19,9,6,4A
1999-06-20,8,9,3A+4B
1999-06-21,6,2,3B+4B
1999-06-22,8,9,3B+4B
1999-06-23,7,8,4A
1999-06-24,7,7,2B+4A
1999-06-25,6,6,2A+4A
1999-06-26,7,8,4A
1999-06-27,8,4,4A
1999-06-28,8,8,4B
1999-06-29,8,9,4A
1999-06-30,8,2,2B+4A
1999-07-01,9,2,2B+4B
1999-07-02,8,2,2A+4A
1999-07-03,9,2,2B+4A
1999-07-04,9,7,3B+4B
1999-07-05,9,6,3B+4B
1999-07-06,8,3,3C+4B
1999-07-07,6,1,3A
1999-07-08,8,2,3A
1999-07-09,9,2,2C+4B
1999-07-10,7,0,2C+4B
1999-07-11,7,0,2C+4A
1999-07-12,7,0,2C+4A
1999-07-13,8,1,2C
1999-07-14,9,1,2C+4A
1999-07-15,9,0,2D
1999-07-16,8,7,2B
1999-07-17,8,7,4A
1999-07-18,8,1,4A
1999-07-19,8,9,4A
1999-07-20,6,4,4A
1999-07-21,6,3,4A
1999-07-22,5,9,4A+5
1999-07-23,6,5,4A+5
1999-07-24,7,8,4A+5
1999-07-25,6,5,5+6A
1999-07-26,7,2,5+6A
1999-07-27,8,9,5+6B
1999-07-28,7,7,5
1999-07-29,7,5,4A+5
1999-07-30,7,4,4A+5
1999-07-31,6,9,2A+5
1999-08-01,6,9,5+6A
1999-08-02,7,2,5+6A
1999-08-03,7,2,5+6B
1999-08-04,7,2,5
1999-08-05,7,9,5+6A
1999-08-06,7,3,5+6A
1999-08-07,7,5,5+6B
1999-08-08,7,4,5+6A
1999-08-09,7,9,5+2C
1999-08-10,7,8,2C
1999-08-11,5,6,2C+5
1999-08-12,9,6,2C+5
1999-08-13,9,1,2C+5
1999-08-14,9,2,2C
1999-08-15,2,0,2C
1999-08-16,7,4,2D
1999-08-17,3,7,2A+2C
1999-08-18,3,1,2B+5
1999-08-19,8,1,2B+5
1999-08-20,9,2,2B+5
1999-08-21,8,1,5
1999-08-22,6,7,5
1999-08-23,3,3,2D+4A
1999-08-24,9,0,2D+4A
1999-08-25,9,7,3B+4B
1999-08-26,9,6,3A+4A
1999-08-27,8,7,4A
1999-08-28,9,7,4A
1999-08-29,9,6,4A
1999-08-30,8,3,3A+4A
1999-08-31,8,2,4A+5
1999-09-01,6,6,4A
1999-09-02,5,2,3A+4A
1999-09-03,5,2,3A+4A
1999-09-04,5,2,3B+4B
1999-09-05,6,9,3C+4B
1999-09-06,8,3,2B
1999-09-07,7,9,2B
1999-09-08,6,5,2A+5
1999-09-09,4,5,5
1999-09-10,7,8,5
1999-09-11,6,5,2B+5
1999-09-12,4,7,2A+4A
1999-09-13,4,5,4A
1999-09-14,3,7,4A+6A
1999-09-15,2,2,4A+6B
1999-09-16,2,0,4A+6A
1999-09-17,3,0,4A+6A
1999-09-18,4,0,4A+6A
1999-09-19,2,0,4A+6A
1999-09-20,0,9,4A
1999-09-21,1,1,4A
1999-09-22,7,0,4A+6A
1999-09-23,8,2,4A+6A
1999-09-24,8,1,4A+6B
1999-09-25,4,7,6C
1999-09-26,3,5,3B
1999-09-27,3,3,3B
1999-09-28,3,1,4B
1999-09-29,0,0,3A+4B
1999-09-30,2,0,2A+4B
1999-10-01,2,9,3A+4B
1999-10-02,2,0,2B
1999-10-03,0,5,2A+4B
1999-10-04,3,2,3B+4B
1999-10-05,5,2,3C+4B
1999-10-06,6,9,3C+4B
1999-10-07,5,4,4A
1999-10-08,2,6,2A+4B
1999-10-09,4,2,3A+4B
1999-10-10,6,9,3A
1999-10-11,7,4,2B+3C
1999-10-12,3,9,4A
1999-10-13,3,0,3A+4A
1999-10-14,1,6,4A
1999-10-15,2,0,3A+4A
1999-10-16,1,6,2A+4B
1999-10-17,2,5,1+4B
1999-10-18,2,9,3B+4B
1999-10-19,5,3,3B+4B
1999-10-20,6,0,2A+4B
1999-10-21,5,0,3B
1999-10-22,0,1,3C
1999-10-23,0,2,1+2A
1999-10-24,1,2,2A+3B
1999-10-25,1,1,3B
1999-10-26,0,0,3B
1999-10-27,0,0,2C
1999-10-28,9,0,2C-3D
1999-10-29,0,7,2B+3D
1999-10-30,2,6,2A+3C
1999-10-31,3,1,3B
1999-11-01,2,0,2B
1999-11-02,1,5,1
1999-11-03,2,9,1+4B
1999-11-04,4,3,2C-3B
1999-11-05,0,6,3B
1999-11-06,4,0,3B
1999-11-07,0,0,3C
1999-11-08,0,3,2A+2B
1999-11-09,0,9,1+4A
1999-11-10,3,3,3B
1999-11-11,6,9,3B
1999-11-12,5,4,2B
1999-11-13,1,8,2A-1
1999-11-14,0,9,1+4A
1999-11-15,2,0,2B
1999-11-16,0,7,1+6B
1999-11-17,1,7,1
1999-11-18,3,8,2D
1999-11-19,3,4,3B
1999-11-20,4,3,2B+3C
1999-11-21,2,9,3B
1999-11-22,4,2,3B
1999-11-23,4,1,3B-2C
1999-11-24,1,2,2A+2C
1999-11-25,0,9,2B
1999-11-26,0,6,2A-1
1999-11-27,1,5,1+2B
1999-11-28,1,5,1
1999-11-29,2,4,1
1999-11-30,2,9,1
1999-12-01,3,2,3B
1999-12-02,0,9,2A+2C
1999-12-03,0,8,1
1999-12-04,1,6,2A+3D
1999-12-05,1,8,2B+4B
1999-12-06,0,3,2D
1999-12-07,0,8,2A-1
1999-12-08,2,7,3B
1999-12-09,3,6,2A+3C
1999-12-10,2,8,2A+3C
1999-12-11,0,6,2A-1
1999-12-12,0,8,1
1999-12-13,1,5,1
1999-12-14,1,4,1+4B
1999-12-15,1,9,1+3C
1999-12-16,0,5,2B+3B
1999-12-17,0,3,1+3C
1999-12-18,0,9,1
1999-12-19,0,6,1+2A
1999-12-20,0,3,1+2A
1999-12-21,0,5,1+2B
1999-12-22,0,5,1
1999-12-23,1,7,1
1999-12-24,2,9,2B+3C
1999-12-25,0,2,2B
1999-12-26,0,8,1
1999-12-27,1,5,3B
1999-12-28,3,4,3D+4A
1999-12-29,1,7,1+2A
1999-12-30,0,9,3C
1999-12-31,1,2,1+2D
